Subject	Trial	Event_Type	Code	Time	TTime	Uncertainty	Duration	ReqTime	ReqDur	Stim_Type	Pair_Index
009	1.0	Sound	dialogue	2707.0	2678.0	n/a	n/a	2500.0	n/a	other	0.0
009	2.0	Sound	phantom	11731.0	2675.0	n/a	n/a	2500.0	n/a	other	0.0
009	3.0	Sound	observe	20926.0	2675.0	n/a	n/a	2500.0	n/a	other	0.0
009	4.0	Sound	sect	30454.0	2675.0	n/a	n/a	2500.0	n/a	other	0.0
009	5.0	Sound	fest	37643.0	2676.0	n/a	n/a	2500.0	n/a	other	0.0
009	6.0	Sound	precinct	45499.0	2675.0	n/a	n/a	2500.0	n/a	other	0.0
009	7.0	Sound	cycle	54359.0	2675.0	n/a	n/a	2500.0	n/a	other	0.0
009	8.0	Sound	reside	61380.0	2675.0	n/a	n/a	2500.0	n/a	other	0.0
009	9.0	Sound	wide	70073.0	2675.0	n/a	n/a	2500.0	n/a	other	0.0
009	10.0	Sound	remedy	75924.0	2675.0	n/a	n/a	2500.0	n/a	other	0.0
009	11.0	Sound	male	83614.0	2675.0	n/a	n/a	2500.0	n/a	other	0.0
009	12.0	Sound	shear	90301.0	2676.0	n/a	n/a	2500.0	n/a	other	0.0
009	13.0	Sound	equity	97322.0	2676.0	n/a	n/a	2500.0	n/a	other	0.0
009	14.0	Sound	droop	104677.0	2675.0	n/a	n/a	2500.0	n/a	other	0.0
009	15.0	Sound	trim	110862.0	2675.0	n/a	n/a	2500.0	n/a	other	0.0
009	16.0	Sound	message	117716.0	2675.0	n/a	n/a	2500.0	n/a	other	0.0
009	17.0	Sound	run	125239.0	2675.0	n/a	n/a	2500.0	n/a	other	0.0
009	18.0	Sound	violin	131424.0	2675.0	n/a	n/a	2500.0	n/a	other	0.0
009	19.0	Sound	staunch	140284.0	2675.0	n/a	n/a	2500.0	n/a	other	0.0
009	20.0	Sound	organize	149478.0	2675.0	n/a	n/a	2500.0	n/a	other	0.0
009	21.0	Picture	probe_coordinate	160344.0	2675.0	2	13039	2500.0	next	other	0.0
009	21.0	Response	1	173322.0	15653.0	n/a	n/a	n/a	n/a	n/a	n/a
009	22.0	Sound	commute	176058.0	2675.0	n/a	n/a	2500.0	n/a	other	0.0
009	23.0	Sound	deny	183079.0	2675.0	n/a	n/a	2500.0	n/a	other	0.0
009	24.0	Sound	bore	193109.0	2675.0	n/a	n/a	2500.0	n/a	other	0.0
009	25.0	Sound	raw	199294.0	2675.0	n/a	n/a	2500.0	n/a	other	0.0
009	26.0	Sound	ferocious	205312.0	2675.0	n/a	n/a	2500.0	n/a	other	0.0
009	27.0	Sound	dictate	214340.0	2676.0	n/a	n/a	2500.0	n/a	other	0.0
009	28.0	Sound	imitate	220859.0	2675.0	n/a	n/a	2500.0	n/a	other	0.0
009	29.0	Sound	wander	227379.0	2676.0	n/a	n/a	2500.0	n/a	other	0.0
009	30.0	Sound	lumbar	234901.0	2675.0	n/a	n/a	2500.0	n/a	other	0.0
009	31.0	Sound	mug	243928.0	2675.0	n/a	n/a	2500.0	n/a	other	0.0
009	32.0	Sound	easel	250949.0	2675.0	n/a	n/a	2500.0	n/a	other	0.0
009	33.0	Sound	feud	257970.0	2675.0	n/a	n/a	2500.0	n/a	other	0.0
009	34.0	Sound	ceiling	265493.0	2675.0	n/a	n/a	2500.0	n/a	other	0.0
009	35.0	Sound	aroma	273851.0	2675.0	n/a	n/a	2500.0	n/a	other	0.0
009	36.0	Sound	explode	282043.0	2675.0	n/a	n/a	2500.0	n/a	other	0.0
009	37.0	Sound	challenge	291070.0	2675.0	n/a	n/a	2500.0	n/a	other	0.0
009	38.0	Sound	jam	299261.0	2675.0	n/a	n/a	2500.0	n/a	other	0.0
009	39.0	Sound	finger	306617.0	2676.0	n/a	n/a	2500.0	n/a	other	0.0
009	40.0	Sound	report	315309.0	2675.0	n/a	n/a	2500.0	n/a	other	0.0
009	41.0	Sound	foray	323500.0	2675.0	n/a	n/a	2500.0	n/a	other	0.0
009	42.0	Picture	probe_exterior	331357.0	2675.0	2	19559	2500.0	next	other	0.0
009	42.0	Response	1	350820.0	22138.0	n/a	n/a	n/a	n/a	n/a	n/a
009	43.0	Sound	stab	353591.0	2675.0	n/a	n/a	2500.0	n/a	other	0.0
009	44.0	Sound	rate	361281.0	2676.0	n/a	n/a	2500.0	n/a	other	0.0
009	45.0	Sound	convey	367466.0	2675.0	n/a	n/a	2500.0	n/a	other	0.0
009	46.0	Sound	vile	375155.0	2675.0	n/a	n/a	2500.0	n/a	other	0.0
009	47.0	Sound	node	383012.0	2675.0	n/a	n/a	2500.0	n/a	other	0.0
009	48.0	Sound	beverage	389866.0	2675.0	n/a	n/a	2500.0	n/a	other	0.0
009	49.0	Picture	probe_conceive	397556.0	2675.0	2	19391	2500.0	next	other	0.0
009	49.0	Response	1	416879.0	21998.0	n/a	n/a	n/a	n/a	n/a	n/a
009	50.0	Sound	seem	419622.0	2675.0	n/a	n/a	2500.0	n/a	other	0.0
009	51.0	Sound	knee	427814.0	2676.0	n/a	n/a	2500.0	n/a	other	0.0
009	52.0	Sound	escort	433330.0	2675.0	n/a	n/a	2500.0	n/a	other	0.0
009	53.0	Sound	expense	441020.0	2675.0	n/a	n/a	2500.0	n/a	other	0.0
009	54.0	Sound	inflict	449880.0	2675.0	n/a	n/a	2500.0	n/a	other	0.0
009	55.0	Sound	orchid	459743.0	2676.0	n/a	n/a	2500.0	n/a	other	0.0
009	56.0	Sound	knife	466931.0	2675.0	n/a	n/a	2500.0	n/a	other	0.0
009	57.0	Sound	tactic	473785.0	2675.0	n/a	n/a	2500.0	n/a	other	0.0
009	58.0	Sound	spur	481307.0	2675.0	n/a	n/a	2500.0	n/a	other	0.0
009	59.0	Sound	rapt	488830.0	2675.0	n/a	n/a	2500.0	n/a	other	0.0
009	60.0	Sound	consolidate	495350.0	2676.0	n/a	n/a	2500.0	n/a	other	0.0
009	61.0	Sound	rally	505045.0	2675.0	n/a	n/a	2500.0	n/a	other	0.0
009	62.0	Picture	probe_threat	512400.0	2675.0	2	18054	2500.0	next	other	0.0
009	62.0	Response	1	530438.0	20713.0	n/a	n/a	n/a	n/a	n/a	n/a
009	63.0	Sound	talent	533130.0	2676.0	n/a	n/a	2500.0	n/a	other	0.0
009	64.0	Sound	torrent	540318.0	2675.0	n/a	n/a	2500.0	n/a	other	0.0
009	65.0	Sound	bran	547506.0	2675.0	n/a	n/a	2500.0	n/a	other	0.0
009	66.0	Sound	plot	555530.0	2675.0	n/a	n/a	2500.0	n/a	other	0.0
009	67.0	Sound	punish	562217.0	2675.0	n/a	n/a	2500.0	n/a	other	0.0
009	68.0	Sound	gurgle	569238.0	2675.0	n/a	n/a	2500.0	n/a	other	0.0
009	69.0	Sound	somber	575925.0	2676.0	n/a	n/a	2500.0	n/a	other	0.0
009	70.0	Sound	grammar	583949.0	2675.0	n/a	n/a	2500.0	n/a	other	0.0
009	71.0	Sound	stash	591304.0	2675.0	n/a	n/a	2500.0	n/a	other	0.0
009	72.0	Sound	peril	601334.0	2675.0	n/a	n/a	2500.0	n/a	other	0.0
009	73.0	Sound	sigh	607352.0	2675.0	n/a	n/a	2500.0	n/a	other	0.0
009	74.0	Sound	botch	615711.0	2675.0	n/a	n/a	2500.0	n/a	other	0.0
009	75.0	Sound	electric	622397.0	2675.0	n/a	n/a	2500.0	n/a	other	0.0
009	76.0	Sound	snip	631926.0	2675.0	n/a	n/a	2500.0	n/a	other	0.0
009	77.0	Sound	initial	639449.0	2676.0	n/a	n/a	2500.0	n/a	other	0.0
009	78.0	Sound	cylinder	646135.0	2675.0	n/a	n/a	2500.0	n/a	other	0.0
009	79.0	Sound	troop	655162.0	2675.0	n/a	n/a	2500.0	n/a	other	0.0
009	80.0	Sound	share	661682.0	2675.0	n/a	n/a	2500.0	n/a	other	0.0
009	81.0	Sound	posture	668703.0	2675.0	n/a	n/a	2500.0	n/a	other	0.0
009	82.0	Picture	probe_position	677395.0	2674.0	3	30759	2500.0	next	other	0.0
009	82.0	Response	2	708036.0	33315.0	n/a	n/a	n/a	n/a	n/a	n/a
009	83.0	Sound	fog	710830.0	2676.0	n/a	n/a	2500.0	n/a	other	0.0
009	84.0	Sound	scene	718854.0	2676.0	n/a	n/a	2500.0	n/a	other	0.0
009	85.0	Sound	pulp	727045.0	2675.0	n/a	n/a	2500.0	n/a	other	0.0
009	86.0	Sound	connect	732896.0	2675.0	n/a	n/a	2500.0	n/a	other	0.0
009	87.0	Sound	venture	739415.0	2675.0	n/a	n/a	2500.0	n/a	other	0.0
009	88.0	Sound	salary	747774.0	2675.0	n/a	n/a	2500.0	n/a	other	0.0
009	89.0	Sound	swim	756299.0	2675.0	n/a	n/a	2500.0	n/a	other	0.0
009	90.0	Sound	carnival	763655.0	2675.0	n/a	n/a	2500.0	n/a	other	0.0
009	91.0	Sound	fray	771679.0	2675.0	n/a	n/a	2500.0	n/a	other	0.0
009	92.0	Sound	eliminate	778533.0	2675.0	n/a	n/a	2500.0	n/a	other	0.0
009	93.0	Sound	develop	787560.0	2675.0	n/a	n/a	2500.0	n/a	other	0.0
009	94.0	Sound	umpire	795584.0	2675.0	n/a	n/a	2500.0	n/a	other	0.0
009	95.0	Sound	disrupt	803274.0	2676.0	n/a	n/a	2500.0	n/a	other	0.0
009	96.0	Sound	rinse	812134.0	2676.0	n/a	n/a	2500.0	n/a	other	0.0
009	97.0	Sound	predicament	821161.0	2676.0	n/a	n/a	2500.0	n/a	other	0.0
009	98.0	Sound	scalpel	829686.0	2675.0	n/a	n/a	2500.0	n/a	other	0.0
009	99.0	Sound	reduce	837543.0	2675.0	n/a	n/a	2500.0	n/a	other	0.0
009	100.0	Sound	rocket	845400.0	2675.0	n/a	n/a	2500.0	n/a	other	0.0
009	101.0	Sound	coarse	852923.0	2676.0	n/a	n/a	2500.0	n/a	other	0.0
009	102.0	Picture	probe_rough	859943.0	2674.0	2	27583	2500.0	next	other	0.0
009	102.0	Response	1	887424.0	30155.0	n/a	n/a	n/a	n/a	n/a	n/a
009	103.0	Sound	severe	890201.0	2675.0	n/a	n/a	2500.0	n/a	other	0.0
009	104.0	Sound	exam	897891.0	2675.0	n/a	n/a	2500.0	n/a	other	0.0
009	105.0	Sound	dribble	905915.0	2675.0	n/a	n/a	2500.0	n/a	other	0.0
009	106.0	Sound	gown	911933.0	2675.0	n/a	n/a	2500.0	n/a	other	0.0
009	107.0	Sound	barren	919790.0	2675.0	n/a	n/a	2500.0	n/a	other	0.0
009	108.0	Sound	stamp	926644.0	2675.0	n/a	n/a	2500.0	n/a	other	0.0
009	109.0	Sound	crux	934334.0	2676.0	n/a	n/a	2500.0	n/a	other	0.0
009	110.0	Sound	mile	941188.0	2676.0	n/a	n/a	2500.0	n/a	other	0.0
009	111.0	Picture	probe_rhinoceros	947874.0	2675.0	2	12705	2500.0	next	other	0.0
009	111.0	Response	1	960563.0	15364.0	n/a	n/a	n/a	n/a	n/a	n/a
009	112.0	Sound	stink	963254.0	2675.0	n/a	n/a	2500.0	n/a	other	0.0
009	113.0	Sound	velocity	971445.0	2675.0	n/a	n/a	2500.0	n/a	other	0.0
009	114.0	Sound	abroad	980806.0	2675.0	n/a	n/a	2500.0	n/a	other	0.0
009	115.0	Sound	compete	990168.0	2675.0	n/a	n/a	2500.0	n/a	other	0.0
009	116.0	Sound	else	997022.0	2675.0	n/a	n/a	2500.0	n/a	other	0.0
009	117.0	Sound	adept	1003876.0	2676.0	n/a	n/a	2500.0	n/a	other	0.0
009	118.0	Sound	eager	1011900.0	2675.0	n/a	n/a	2500.0	n/a	other	0.0
009	119.0	Sound	relic	1018252.0	2675.0	n/a	n/a	2500.0	n/a	other	0.0
009	120.0	Sound	pinch	1024437.0	2675.0	n/a	n/a	2500.0	n/a	other	0.0
009	121.0	Sound	anvil	1031626.0	2676.0	n/a	n/a	2500.0	n/a	other	0.0
009	122.0	Sound	come	1039650.0	2675.0	n/a	n/a	2500.0	n/a	other	0.0
009	123.0	Sound	braid	1046336.0	2675.0	n/a	n/a	2500.0	n/a	other	0.0
009	124.0	Sound	concern	1053023.0	2675.0	n/a	n/a	2500.0	n/a	other	0.0
009	125.0	Sound	catch	1061549.0	2675.0	n/a	n/a	2500.0	n/a	other	0.0
009	126.0	Sound	vector	1070242.0	2676.0	n/a	n/a	2500.0	n/a	other	0.0
009	127.0	Sound	chime	1078266.0	2676.0	n/a	n/a	2500.0	n/a	other	0.0
009	128.0	Picture	probe_bell	1085621.0	2675.0	2	10364	2500.0	next	other	0.0
009	128.0	Response	2	1095881.0	12935.0	n/a	n/a	n/a	n/a	n/a	n/a
009	129.0	Sound	autumn	1098660.0	2675.0	n/a	n/a	2500.0	n/a	other	0.0
009	130.0	Sound	elevate	1107019.0	2676.0	n/a	n/a	2500.0	n/a	other	0.0
009	131.0	Sound	file	1114541.0	2675.0	n/a	n/a	2500.0	n/a	other	0.0
009	132.0	Sound	desk	1121562.0	2675.0	n/a	n/a	2500.0	n/a	other	0.0
009	133.0	Sound	glaze	1128416.0	2675.0	n/a	n/a	2500.0	n/a	other	0.0
009	134.0	Sound	conserve	1136273.0	2675.0	n/a	n/a	2500.0	n/a	other	0.0
009	135.0	Sound	five	1145133.0	2675.0	n/a	n/a	2500.0	n/a	other	0.0
009	136.0	Sound	posse	1152990.0	2675.0	n/a	n/a	2500.0	n/a	other	0.0
009	137.0	Sound	indict	1160178.0	2675.0	n/a	n/a	2500.0	n/a	other	0.0
009	138.0	Sound	shrewd	1167534.0	2676.0	n/a	n/a	2500.0	n/a	other	0.0
009	139.0	Sound	metal	1175223.0	2675.0	n/a	n/a	2500.0	n/a	other	0.0
009	140.0	Sound	care	1181074.0	2675.0	n/a	n/a	2500.0	n/a	other	0.0
009	141.0	Picture	probe_aid	1187426.0	2675.0	2	17218	2500.0	next	other	0.0
009	141.0	Response	2	1204470.0	19719.0	n/a	n/a	n/a	n/a	n/a	n/a
009	142.0	Sound	proxy	1207320.0	2676.0	n/a	n/a	2500.0	n/a	other	0.0
009	143.0	Picture	probe_lug	1215510.0	2674.0	3	24073	2500.0	next	other	0.0
009	143.0	Response	1	1239520.0	26684.0	n/a	n/a	n/a	n/a	n/a	n/a
009	144.0	Sound	graduate	1242258.0	2675.0	n/a	n/a	2500.0	n/a	other	0.0
009	145.0	Sound	nominate	1250449.0	2675.0	n/a	n/a	2500.0	n/a	other	0.0
009	146.0	Sound	tame	1259142.0	2675.0	n/a	n/a	2500.0	n/a	other	0.0
009	147.0	Sound	census	1265661.0	2675.0	n/a	n/a	2500.0	n/a	other	0.0
009	148.0	Sound	baboon	1274688.0	2675.0	n/a	n/a	2500.0	n/a	other	0.0
009	149.0	Sound	analog	1282211.0	2675.0	n/a	n/a	2500.0	n/a	other	0.0
009	150.0	Sound	abstract	1290569.0	2675.0	n/a	n/a	2500.0	n/a	other	0.0
009	151.0	Sound	jubilee	1299597.0	2676.0	n/a	n/a	2500.0	n/a	other	0.0
009	152.0	Sound	hideous	1308456.0	2675.0	n/a	n/a	2500.0	n/a	other	0.0
009	153.0	Sound	oasis	1316481.0	2676.0	n/a	n/a	2500.0	n/a	other	0.0
009	154.0	Sound	settle	1324337.0	2675.0	n/a	n/a	2500.0	n/a	other	0.0
009	155.0	Sound	lilac	1331526.0	2676.0	n/a	n/a	2500.0	n/a	other	0.0
009	156.0	Picture	probe_lavender	1340051.0	2675.0	2	19391	2500.0	next	other	0.0
009	156.0	Response	2	1359338.0	21962.0	n/a	n/a	n/a	n/a	n/a	n/a
009	157.0	Sound	quote	1362117.0	2675.0	n/a	n/a	2500.0	n/a	other	0.0
009	158.0	Sound	parade	1368136.0	2676.0	n/a	n/a	2500.0	n/a	other	0.0
009	159.0	Sound	cower	1374989.0	2675.0	n/a	n/a	2500.0	n/a	other	0.0
009	160.0	Sound	cauldron	1381509.0	2675.0	n/a	n/a	2500.0	n/a	other	0.0
009	161.0	Sound	groove	1389533.0	2675.0	n/a	n/a	2500.0	n/a	other	0.0
009	162.0	Sound	brittle	1396889.0	2676.0	n/a	n/a	2500.0	n/a	other	0.0
009	163.0	Picture	probe_ambient	1403408.0	2675.0	2	15212	2500.0	next	other	0.0
009	163.0	Response	1	1418518.0	17785.0	n/a	n/a	n/a	n/a	n/a	n/a
009	164.0	Sound	roster	1421295.0	2675.0	n/a	n/a	2500.0	n/a	other	0.0
009	165.0	Sound	vast	1429654.0	2676.0	n/a	n/a	2500.0	n/a	other	0.0
009	166.0	Sound	succulent	1440018.0	2675.0	n/a	n/a	2500.0	n/a	other	0.0
009	167.0	Sound	sprain	1448878.0	2675.0	n/a	n/a	2500.0	n/a	other	0.0
009	168.0	Sound	nickel	1457236.0	2675.0	n/a	n/a	2500.0	n/a	other	0.0
009	169.0	Sound	instinct	1463589.0	2676.0	n/a	n/a	2500.0	n/a	other	0.0
009	170.0	Sound	mundane	1473786.0	2675.0	n/a	n/a	2500.0	n/a	other	0.0
009	171.0	Sound	quartet	1482144.0	2675.0	n/a	n/a	2500.0	n/a	other	0.0
009	172.0	Sound	grew	1489834.0	2675.0	n/a	n/a	2500.0	n/a	other	0.0
009	173.0	Sound	athlete	1497357.0	2676.0	n/a	n/a	2500.0	n/a	other	0.0
009	174.0	Picture	probe_hut	1505715.0	2675.0	2	15212	2500.0	next	other	0.0
009	174.0	Response	1	1520826.0	17786.0	n/a	n/a	n/a	n/a	n/a	n/a
009	175.0	Sound	trickle	1523602.0	2675.0	n/a	n/a	2500.0	n/a	other	0.0
009	176.0	Sound	lift	1530790.0	2675.0	n/a	n/a	2500.0	n/a	other	0.0
009	177.0	Sound	pulse	1538146.0	2675.0	n/a	n/a	2500.0	n/a	other	0.0
009	178.0	Sound	huddle	1546003.0	2676.0	n/a	n/a	2500.0	n/a	other	0.0
009	179.0	Sound	contain	1552689.0	2675.0	n/a	n/a	2500.0	n/a	other	0.0
009	180.0	Sound	orthodox	1561382.0	2675.0	n/a	n/a	2500.0	n/a	other	0.0
009	181.0	Sound	opportune	1571078.0	2675.0	n/a	n/a	2500.0	n/a	other	0.0
009	182.0	Picture	probe_concoct	1581442.0	2675.0	2	41123	2500.0	next	other	0.0
009	182.0	Response	1	1622494.0	43727.0	n/a	n/a	n/a	n/a	n/a	n/a
009	183.0	Sound	stub	1625240.0	2675.0	n/a	n/a	2500.0	n/a	other	0.0
009	184.0	Sound	direct	1632763.0	2675.0	n/a	n/a	2500.0	n/a	other	0.0
009	185.0	Sound	chest	1639784.0	2675.0	n/a	n/a	2500.0	n/a	other	0.0
009	186.0	Sound	progress	1647808.0	2675.0	n/a	n/a	2500.0	n/a	other	0.0
009	187.0	Sound	serve	1656167.0	2676.0	n/a	n/a	2500.0	n/a	other	0.0
009	188.0	Sound	expect	1665027.0	2676.0	n/a	n/a	2500.0	n/a	other	0.0
009	189.0	Sound	mule	1673218.0	2675.0	n/a	n/a	2500.0	n/a	other	0.0
009	190.0	Sound	approximate	1681075.0	2675.0	n/a	n/a	2500.0	n/a	other	0.0
009	191.0	Sound	ordeal	1690102.0	2675.0	n/a	n/a	2500.0	n/a	other	0.0
009	192.0	Sound	surge	1698795.0	2676.0	n/a	n/a	2500.0	n/a	other	0.0
009	193.0	Sound	ambiguous	1707654.0	2675.0	n/a	n/a	2500.0	n/a	other	0.0
009	194.0	Sound	device	1716849.0	2675.0	n/a	n/a	2500.0	n/a	other	0.0
009	195.0	Sound	pledge	1724706.0	2676.0	n/a	n/a	2500.0	n/a	other	0.0
009	196.0	Sound	offer	1731225.0	2675.0	n/a	n/a	2500.0	n/a	other	0.0
009	197.0	Picture	probe_volunteer	1738747.0	2674.0	3	15045	2500.0	next	other	0.0
009	197.0	Response	2	1753683.0	17610.0	n/a	n/a	n/a	n/a	n/a	n/a
009	198.0	Sound	tail	1756468.0	2676.0	n/a	n/a	2500.0	n/a	other	0.0
009	199.0	Sound	nutrient	1763322.0	2676.0	n/a	n/a	2500.0	n/a	other	0.0
009	200.0	Sound	injury	1771513.0	2675.0	n/a	n/a	2500.0	n/a	other	0.0
009	201.0	Sound	bite	1779871.0	2675.0	n/a	n/a	2500.0	n/a	other	0.0
009	202.0	Sound	resplendent	1785889.0	2675.0	n/a	n/a	2500.0	n/a	other	0.0
009	203.0	Sound	leaf	1795418.0	2675.0	n/a	n/a	2500.0	n/a	other	0.0
009	204.0	Sound	grass	1802606.0	2675.0	n/a	n/a	2500.0	n/a	other	0.0
009	205.0	Sound	sloth	1810463.0	2675.0	n/a	n/a	2500.0	n/a	other	0.0
009	206.0	Picture	probe_tardy	1818487.0	2675.0	2	17218	2500.0	next	other	0.0
009	206.0	Response	2	1835552.0	19740.0	n/a	n/a	n/a	n/a	n/a	n/a
009	207.0	Sound	domain	1838380.0	2675.0	n/a	n/a	2500.0	n/a	other	0.0
009	208.0	Sound	immense	1846739.0	2676.0	n/a	n/a	2500.0	n/a	other	0.0
009	209.0	Sound	hole	1854261.0	2675.0	n/a	n/a	2500.0	n/a	other	0.0
009	210.0	Sound	arrive	1862285.0	2675.0	n/a	n/a	2500.0	n/a	other	0.0
009	211.0	Sound	stubborn	1871479.0	2675.0	n/a	n/a	2500.0	n/a	other	0.0
009	212.0	Sound	sane	1880172.0	2675.0	n/a	n/a	2500.0	n/a	other	0.0
009	213.0	Sound	fail	1887360.0	2675.0	n/a	n/a	2500.0	n/a	other	0.0
009	214.0	Sound	sign	1894549.0	2675.0	n/a	n/a	2500.0	n/a	other	0.0
009	215.0	Sound	tire	1902573.0	2675.0	n/a	n/a	2500.0	n/a	other	0.0
009	216.0	Sound	mogul	1908591.0	2675.0	n/a	n/a	2500.0	n/a	other	0.0
009	217.0	Sound	construct	1916448.0	2675.0	n/a	n/a	2500.0	n/a	other	0.0
009	218.0	Picture	probe_build	1925140.0	2675.0	2	17386	2500.0	next	other	0.0
009	218.0	Response	2	1942511.0	20046.0	n/a	n/a	n/a	n/a	n/a	n/a
009	219.0	Sound	phosphorus	1945201.0	2675.0	n/a	n/a	2500.0	n/a	other	0.0
009	220.0	Sound	alarm	1956902.0	2675.0	n/a	n/a	2500.0	n/a	other	0.0
009	221.0	Sound	lease	1964592.0	2675.0	n/a	n/a	2500.0	n/a	other	0.0
009	222.0	Sound	slide	1971446.0	2675.0	n/a	n/a	2500.0	n/a	other	0.0
009	223.0	Sound	lavish	1980306.0	2675.0	n/a	n/a	2500.0	n/a	other	0.0
009	224.0	Sound	clock	1988330.0	2675.0	n/a	n/a	2500.0	n/a	other	0.0
009	225.0	Sound	rummage	1995184.0	2675.0	n/a	n/a	2500.0	n/a	other	0.0
009	226.0	Sound	occupy	2003375.0	2675.0	n/a	n/a	2500.0	n/a	other	0.0
009	227.0	Sound	dice	2012570.0	2676.0	n/a	n/a	2500.0	n/a	other	0.0
009	228.0	Sound	fast	2020092.0	2675.0	n/a	n/a	2500.0	n/a	other	0.0
009	229.0	Sound	plight	2028618.0	2675.0	n/a	n/a	2500.0	n/a	other	0.0
009	230.0	Sound	vanish	2035137.0	2675.0	n/a	n/a	2500.0	n/a	other	0.0
009	231.0	Sound	mayhem	2043496.0	2675.0	n/a	n/a	2500.0	n/a	other	0.0
009	232.0	Sound	shall	2050517.0	2675.0	n/a	n/a	2500.0	n/a	other	0.0
009	233.0	Sound	clean	2058875.0	2675.0	n/a	n/a	2500.0	n/a	other	0.0
009	234.0	Sound	crumb	2065562.0	2675.0	n/a	n/a	2500.0	n/a	other	0.0
009	235.0	Sound	neat	2072249.0	2676.0	n/a	n/a	2500.0	n/a	other	0.0
009	236.0	Sound	vow	2080106.0	2676.0	n/a	n/a	2500.0	n/a	other	0.0
009	237.0	Sound	stooge	2086458.0	2675.0	n/a	n/a	2500.0	n/a	other	0.0
009	238.0	Picture	probe_gallery	2095317.0	2674.0	3	11535	2500.0	next	other	0.0
009	238.0	Response	1	2106769.0	14126.0	n/a	n/a	n/a	n/a	n/a	n/a
009	239.0	Sound	worship	2109527.0	2675.0	n/a	n/a	2500.0	n/a	other	0.0
009	240.0	Sound	shard	2116381.0	2675.0	n/a	n/a	2500.0	n/a	other	0.0
009	241.0	Sound	splice	2123737.0	2676.0	n/a	n/a	2500.0	n/a	other	0.0
009	242.0	Sound	prom	2133767.0	2676.0	n/a	n/a	2500.0	n/a	other	0.0
009	243.0	Sound	rang	2140453.0	2675.0	n/a	n/a	2500.0	n/a	other	0.0
009	244.0	Sound	carton	2147307.0	2675.0	n/a	n/a	2500.0	n/a	other	0.0
009	245.0	Sound	putt	2154663.0	2676.0	n/a	n/a	2500.0	n/a	other	0.0
009	246.0	Sound	merry	2160848.0	2675.0	n/a	n/a	2500.0	n/a	other	0.0
009	247.0	Sound	plethora	2168370.0	2675.0	n/a	n/a	2500.0	n/a	other	0.0
009	248.0	Sound	fill	2176562.0	2675.0	n/a	n/a	2500.0	n/a	other	0.0
009	249.0	Sound	petal	2182413.0	2676.0	n/a	n/a	2500.0	n/a	other	0.0
009	250.0	Sound	jaw	2188598.0	2675.0	n/a	n/a	2500.0	n/a	other	0.0
009	251.0	Sound	ignore	2195452.0	2675.0	n/a	n/a	2500.0	n/a	other	0.0
009	252.0	Sound	emphasis	2202807.0	2675.0	n/a	n/a	2500.0	n/a	other	0.0
009	253.0	Sound	wrist	2213673.0	2675.0	n/a	n/a	2500.0	n/a	other	0.0
009	254.0	Sound	mirth	2220527.0	2675.0	n/a	n/a	2500.0	n/a	other	0.0
009	255.0	Sound	maintain	2228384.0	2675.0	n/a	n/a	2500.0	n/a	other	0.0
009	256.0	Sound	bitter	2239584.0	2675.0	n/a	n/a	2500.0	n/a	other	0.0
009	257.0	Sound	chomp	2245268.0	2675.0	n/a	n/a	2500.0	n/a	other	0.0
009	258.0	Sound	clear	2251788.0	2676.0	n/a	n/a	2500.0	n/a	other	0.0
009	259.0	Picture	probe_open	2258975.0	2674.0	2	33935	2500.0	next	other	0.0
009	259.0	Response	1	2292747.0	36446.0	n/a	n/a	n/a	n/a	n/a	n/a
009	260.0	Sound	happy	2295586.0	2676.0	n/a	n/a	2500.0	n/a	other	0.0
009	261.0	Sound	fuel	2302607.0	2676.0	n/a	n/a	2500.0	n/a	other	0.0
009	262.0	Sound	kennel	2309962.0	2675.0	n/a	n/a	2500.0	n/a	other	0.0
009	263.0	Sound	raise	2316147.0	2675.0	n/a	n/a	2500.0	n/a	other	0.0
009	264.0	Sound	live	2323503.0	2675.0	n/a	n/a	2500.0	n/a	other	0.0
009	265.0	Picture	probe_survive	2331359.0	2675.0	2	12371	2500.0	next	other	0.0
009	265.0	Response	2	2343626.0	14942.0	n/a	n/a	n/a	n/a	n/a	n/a
009	266.0	Sound	dedicate	2346405.0	2675.0	n/a	n/a	2500.0	n/a	other	0.0
009	267.0	Sound	gargle	2353259.0	2676.0	n/a	n/a	2500.0	n/a	other	0.0
009	268.0	Sound	incumbent	2360447.0	2675.0	n/a	n/a	2500.0	n/a	other	0.0
009	269.0	Sound	valet	2368805.0	2675.0	n/a	n/a	2500.0	n/a	other	0.0
009	270.0	Picture	probe_elegant	2375826.0	2675.0	2	10030	2500.0	next	other	0.0
009	270.0	Response	2	2385736.0	12585.0	n/a	n/a	n/a	n/a	n/a	n/a
009	271.0	Sound	radius	2388531.0	2675.0	n/a	n/a	2500.0	n/a	other	0.0
009	272.0	Sound	hid	2396221.0	2675.0	n/a	n/a	2500.0	n/a	other	0.0
009	273.0	Sound	ceremony	2402741.0	2676.0	n/a	n/a	2500.0	n/a	other	0.0
009	274.0	Sound	fax	2411935.0	2675.0	n/a	n/a	2500.0	n/a	other	0.0
009	275.0	Sound	grab	2420460.0	2675.0	n/a	n/a	2500.0	n/a	other	0.0
009	276.0	Sound	staff	2426478.0	2675.0	n/a	n/a	2500.0	n/a	other	0.0
009	277.0	Sound	please	2437679.0	2675.0	n/a	n/a	2500.0	n/a	other	0.0
009	278.0	Sound	mast	2444867.0	2675.0	n/a	n/a	2500.0	n/a	other	0.0
009	279.0	Sound	tar	2453393.0	2676.0	n/a	n/a	2500.0	n/a	other	0.0
009	280.0	Sound	bluff	2460246.0	2675.0	n/a	n/a	2500.0	n/a	other	0.0
009	281.0	Sound	fathom	2468772.0	2675.0	n/a	n/a	2500.0	n/a	other	0.0
009	282.0	Sound	incinerate	2476127.0	2675.0	n/a	n/a	2500.0	n/a	other	0.0
009	283.0	Sound	vigor	2485322.0	2676.0	n/a	n/a	2500.0	n/a	other	0.0
009	284.0	Sound	palate	2493346.0	2675.0	n/a	n/a	2500.0	n/a	other	0.0
009	285.0	Picture	probe_accept	2500534.0	2675.0	2	13373	2500.0	next	other	0.0
009	285.0	Response	1	2513864.0	16005.0	n/a	n/a	n/a	n/a	n/a	n/a
009	286.0	Sound	burst	2516582.0	2675.0	n/a	n/a	2500.0	n/a	other	0.0
009	287.0	Sound	swear	2523770.0	2675.0	n/a	n/a	2500.0	n/a	other	0.0
009	288.0	Sound	binge	2531627.0	2675.0	n/a	n/a	2500.0	n/a	other	0.0
009	289.0	Sound	plant	2538147.0	2675.0	n/a	n/a	2500.0	n/a	other	0.0
009	290.0	Sound	induce	2544499.0	2675.0	n/a	n/a	2500.0	n/a	other	0.0
009	291.0	Sound	cardiac	2554362.0	2675.0	n/a	n/a	2500.0	n/a	other	0.0
009	292.0	Sound	inject	2561885.0	2675.0	n/a	n/a	2500.0	n/a	other	0.0
009	293.0	Sound	aspire	2570076.0	2675.0	n/a	n/a	2500.0	n/a	other	0.0
009	294.0	Sound	wrap	2579103.0	2675.0	n/a	n/a	2500.0	n/a	other	0.0
009	295.0	Sound	blitz	2585456.0	2676.0	n/a	n/a	2500.0	n/a	other	0.0
009	296.0	Sound	wary	2592477.0	2676.0	n/a	n/a	2500.0	n/a	other	0.0
009	297.0	Sound	fungus	2600668.0	2675.0	n/a	n/a	2500.0	n/a	other	0.0
009	298.0	Sound	rattle	2609695.0	2675.0	n/a	n/a	2500.0	n/a	other	0.0
009	299.0	Sound	charity	2617050.0	2675.0	n/a	n/a	2500.0	n/a	other	0.0
009	300.0	Picture	probe_love	2624405.0	2674.0	2	20562	2500.0	next	other	0.0
009	300.0	Response	2	2644823.0	23092.0	n/a	n/a	n/a	n/a	n/a	n/a
009	301.0	Sound	pry	2647642.0	2675.0	n/a	n/a	2500.0	n/a	other	0.0
009	302.0	Sound	admit	2654663.0	2675.0	n/a	n/a	2500.0	n/a	other	0.0
009	303.0	Sound	publish	2662854.0	2675.0	n/a	n/a	2500.0	n/a	other	0.0
009	304.0	Picture	probe_print	2670711.0	2675.0	2	10030	2500.0	next	other	0.0
009	304.0	Response	2	2680702.0	12666.0	n/a	n/a	n/a	n/a	n/a	n/a
009	305.0	Sound	crank	2683416.0	2675.0	n/a	n/a	2500.0	n/a	other	0.0
009	306.0	Picture	probe_grouch	2690102.0	2674.0	3	18723	2500.0	next	other	0.0
009	306.0	Response	2	2708711.0	21283.0	n/a	n/a	n/a	n/a	n/a	n/a
009	307.0	Sound	behave	2711500.0	2675.0	n/a	n/a	2500.0	n/a	other	0.0
009	308.0	Sound	want	2719692.0	2675.0	n/a	n/a	2500.0	n/a	other	0.0
009	309.0	Sound	marine	2726211.0	2675.0	n/a	n/a	2500.0	n/a	other	0.0
009	310.0	Sound	chameleon	2733901.0	2675.0	n/a	n/a	2500.0	n/a	other	0.0
009	311.0	Sound	shine	2743263.0	2676.0	n/a	n/a	2500.0	n/a	other	0.0
009	312.0	Sound	fable	2751119.0	2675.0	n/a	n/a	2500.0	n/a	other	0.0
009	313.0	Sound	mint	2758809.0	2675.0	n/a	n/a	2500.0	n/a	other	0.0
009	314.0	Picture	probe_pursue	2764827.0	2675.0	2	23236	2500.0	next	other	0.0
009	314.0	Response	1	2788051.0	25899.0	n/a	n/a	n/a	n/a	n/a	n/a
009	315.0	Sound	pitch	2790738.0	2675.0	n/a	n/a	2500.0	n/a	other	0.0
009	316.0	Picture	probe_throw	2797425.0	2675.0	2	11200	2500.0	next	other	0.0
009	316.0	Response	2	2808531.0	13781.0	n/a	n/a	n/a	n/a	n/a	n/a
009	317.0	Sound	appeal	2811300.0	2675.0	n/a	n/a	2500.0	n/a	other	0.0
009	318.0	Sound	abstain	2818655.0	2675.0	n/a	n/a	2500.0	n/a	other	0.0
009	319.0	Sound	pact	2828017.0	2675.0	n/a	n/a	2500.0	n/a	other	0.0
009	320.0	Sound	aloof	2834035.0	2675.0	n/a	n/a	2500.0	n/a	other	0.0
009	321.0	Sound	introduce	2841725.0	2676.0	n/a	n/a	2500.0	n/a	other	0.0
009	322.0	Sound	self	2852256.0	2675.0	n/a	n/a	2500.0	n/a	other	0.0
009	323.0	Sound	helium	2860113.0	2675.0	n/a	n/a	2500.0	n/a	other	0.0
009	324.0	Sound	microbe	2868304.0	2675.0	n/a	n/a	2500.0	n/a	other	0.0
009	325.0	Sound	thrust	2875660.0	2675.0	n/a	n/a	2500.0	n/a	other	0.0
009	326.0	Picture	probe_sad	2885188.0	2675.0	3	20394	2500.0	next	other	0.0
009	326.0	Response	1	2905430.0	22917.0	n/a	n/a	n/a	n/a	n/a	n/a
009	327.0	Sound	eight	2908258.0	2676.0	n/a	n/a	2500.0	n/a	other	0.0
009	328.0	Sound	font	2914109.0	2676.0	n/a	n/a	2500.0	n/a	other	0.0
009	329.0	Sound	custody	2921965.0	2675.0	n/a	n/a	2500.0	n/a	other	0.0
009	330.0	Sound	supply	2929990.0	2676.0	n/a	n/a	2500.0	n/a	other	0.0
009	331.0	Sound	ten	2939518.0	2675.0	n/a	n/a	2500.0	n/a	other	0.0
009	332.0	Sound	bark	2946706.0	2675.0	n/a	n/a	2500.0	n/a	other	0.0
009	333.0	Sound	pamper	2953059.0	2675.0	n/a	n/a	2500.0	n/a	other	0.0
009	334.0	Picture	probe_cyst	2961250.0	2675.0	2	10531	2500.0	next	other	0.0
009	334.0	Response	1	2971769.0	13194.0	n/a	n/a	n/a	n/a	n/a	n/a
009	335.0	Sound	diligent	2974456.0	2675.0	n/a	n/a	2500.0	n/a	other	0.0
009	336.0	Sound	bounty	2982480.0	2675.0	n/a	n/a	2500.0	n/a	other	0.0
009	337.0	Sound	optimum	2991340.0	2675.0	n/a	n/a	2500.0	n/a	other	0.0
009	338.0	Sound	pile	2999030.0	2675.0	n/a	n/a	2500.0	n/a	other	0.0
009	339.0	Sound	pale	3005884.0	2675.0	n/a	n/a	2500.0	n/a	other	0.0
009	340.0	Sound	operate	3012738.0	2675.0	n/a	n/a	2500.0	n/a	other	0.0
009	341.0	Sound	chart	3020929.0	2675.0	n/a	n/a	2500.0	n/a	other	0.0
009	342.0	Sound	paste	3027449.0	2676.0	n/a	n/a	2500.0	n/a	other	0.0
009	343.0	Sound	summer	3035807.0	2675.0	n/a	n/a	2500.0	n/a	other	0.0
009	344.0	Sound	juncture	3043162.0	2675.0	n/a	n/a	2500.0	n/a	other	0.0
009	345.0	Sound	waltz	3051019.0	2675.0	n/a	n/a	2500.0	n/a	other	0.0
009	346.0	Sound	detain	3059545.0	2675.0	n/a	n/a	2500.0	n/a	other	0.0
009	347.0	Sound	door	3067903.0	2675.0	n/a	n/a	2500.0	n/a	other	0.0
009	348.0	Sound	blatant	3074256.0	2675.0	n/a	n/a	2500.0	n/a	other	0.0
009	349.0	Picture	probe_worry	3082781.0	2675.0	2	26413	2500.0	next	other	0.0
009	349.0	Response	2	3109127.0	29021.0	n/a	n/a	n/a	n/a	n/a	n/a
009	350.0	Sound	rage	3111869.0	2675.0	n/a	n/a	2500.0	n/a	other	0.0
009	351.0	Sound	garage	3118890.0	2675.0	n/a	n/a	2500.0	n/a	other	0.0
009	352.0	Sound	pattern	3127415.0	2675.0	n/a	n/a	2500.0	n/a	other	0.0
009	353.0	Sound	bust	3134102.0	2675.0	n/a	n/a	2500.0	n/a	other	0.0
009	354.0	Picture	probe_raid	3141290.0	2675.0	2	40120	2500.0	next	other	0.0
009	354.0	Response	1	3181326.0	42711.0	n/a	n/a	n/a	n/a	n/a	n/a
009	355.0	Sound	quarantine	3184085.0	2675.0	n/a	n/a	2500.0	n/a	other	0.0
009	356.0	Sound	sleek	3194951.0	2675.0	n/a	n/a	2500.0	n/a	other	0.0
009	357.0	Sound	bruise	3202808.0	2675.0	n/a	n/a	2500.0	n/a	other	0.0
009	358.0	Sound	horror	3210164.0	2675.0	n/a	n/a	2500.0	n/a	other	0.0
009	359.0	Sound	fervor	3217352.0	2675.0	n/a	n/a	2500.0	n/a	other	0.0
009	360.0	Sound	wrath	3224206.0	2675.0	n/a	n/a	2500.0	n/a	other	0.0
009	361.0	Sound	confess	3231728.0	2675.0	n/a	n/a	2500.0	n/a	other	0.0
009	362.0	Sound	gorge	3240923.0	2676.0	n/a	n/a	2500.0	n/a	other	0.0
009	363.0	Sound	span	3248445.0	2675.0	n/a	n/a	2500.0	n/a	other	0.0
009	364.0	Sound	hence	3257305.0	2675.0	n/a	n/a	2500.0	n/a	other	0.0
009	365.0	Sound	average	3264159.0	2675.0	n/a	n/a	2500.0	n/a	other	0.0
009	366.0	Sound	mumble	3272517.0	2675.0	n/a	n/a	2500.0	n/a	other	0.0
009	367.0	Sound	meat	3279204.0	2675.0	n/a	n/a	2500.0	n/a	other	0.0
009	368.0	Sound	slight	3285891.0	2675.0	n/a	n/a	2500.0	n/a	other	0.0
009	369.0	Sound	absolve	3293748.0	2675.0	n/a	n/a	2500.0	n/a	other	0.0
009	370.0	Picture	probe_varmint	3303443.0	2675.0	2	13875	2500.0	next	other	0.0
009	370.0	Response	1	3317165.0	16397.0	n/a	n/a	n/a	n/a	n/a	n/a
009	371.0	Sound	prod	3319993.0	2675.0	n/a	n/a	2500.0	n/a	other	0.0
009	372.0	Sound	bend	3327349.0	2675.0	n/a	n/a	2500.0	n/a	other	0.0
009	373.0	Sound	stroll	3334036.0	2676.0	n/a	n/a	2500.0	n/a	other	0.0
009	374.0	Sound	bid	3342728.0	2675.0	n/a	n/a	2500.0	n/a	other	0.0
009	375.0	Sound	turpentine	3348412.0	2675.0	n/a	n/a	2500.0	n/a	other	0.0
009	376.0	Sound	humid	3358275.0	2675.0	n/a	n/a	2500.0	n/a	other	0.0
009	377.0	Picture	probe_weather	3365964.0	2675.0	2	7523	2500.0	next	other	0.0
009	377.0	Response	2	3373373.0	10084.0	n/a	n/a	n/a	n/a	n/a	n/a
009	378.0	Sound	bleach	3376162.0	2675.0	n/a	n/a	2500.0	n/a	other	0.0
009	379.0	Sound	modern	3383350.0	2675.0	n/a	n/a	2500.0	n/a	other	0.0
009	380.0	Sound	four	3393213.0	2675.0	n/a	n/a	2500.0	n/a	other	0.0
009	381.0	Sound	veranda	3400736.0	2676.0	n/a	n/a	2500.0	n/a	other	0.0
009	382.0	Sound	firm	3410097.0	2675.0	n/a	n/a	2500.0	n/a	other	0.0
009	383.0	Sound	province	3418121.0	2675.0	n/a	n/a	2500.0	n/a	other	0.0
009	384.0	Sound	celery	3426480.0	2676.0	n/a	n/a	2500.0	n/a	other	0.0
009	385.0	Sound	paddle	3435005.0	2675.0	n/a	n/a	2500.0	n/a	other	0.0
009	386.0	Sound	drift	3442528.0	2675.0	n/a	n/a	2500.0	n/a	other	0.0
009	387.0	Sound	molecule	3449549.0	2675.0	n/a	n/a	2500.0	n/a	other	0.0
009	388.0	Sound	conjure	3458242.0	2676.0	n/a	n/a	2500.0	n/a	other	0.0
009	389.0	Picture	probe_evoke	3466599.0	2674.0	3	11535	2500.0	next	other	0.0
009	389.0	Response	2	3477993.0	14068.0	n/a	n/a	n/a	n/a	n/a	n/a
009	390.0	Sound	dimple	3480809.0	2675.0	n/a	n/a	2500.0	n/a	other	0.0
009	391.0	Sound	truck	3489001.0	2676.0	n/a	n/a	2500.0	n/a	other	0.0
009	392.0	Sound	vanilla	3495687.0	2675.0	n/a	n/a	2500.0	n/a	other	0.0
009	393.0	Sound	soft	3503377.0	2675.0	n/a	n/a	2500.0	n/a	other	0.0
009	394.0	Sound	measure	3511903.0	2676.0	n/a	n/a	2500.0	n/a	other	0.0
009	395.0	Sound	gossip	3519927.0	2676.0	n/a	n/a	2500.0	n/a	other	0.0
009	396.0	Sound	wrinkle	3527115.0	2675.0	n/a	n/a	2500.0	n/a	other	0.0
009	397.0	Sound	fraught	3535139.0	2675.0	n/a	n/a	2500.0	n/a	other	0.0
009	398.0	Sound	net	3541993.0	2675.0	n/a	n/a	2500.0	n/a	other	0.0
009	399.0	Sound	clever	3549683.0	2676.0	n/a	n/a	2500.0	n/a	other	0.0
009	400.0	Sound	risk	3556537.0	2676.0	n/a	n/a	2500.0	n/a	other	0.0
009	401.0	Sound	middle	3563223.0	2675.0	n/a	n/a	2500.0	n/a	other	0.0
009	402.0	Sound	ale	3569910.0	2675.0	n/a	n/a	2500.0	n/a	other	0.0
009	403.0	Sound	gust	3577098.0	2675.0	n/a	n/a	2500.0	n/a	other	0.0
009	404.0	Sound	tangle	3584454.0	2676.0	n/a	n/a	2500.0	n/a	other	0.0
009	405.0	Sound	rotate	3590973.0	2675.0	n/a	n/a	2500.0	n/a	other	0.0
009	406.0	Sound	giddy	3598161.0	2675.0	n/a	n/a	2500.0	n/a	other	0.0
009	407.0	Sound	garment	3605684.0	2675.0	n/a	n/a	2500.0	n/a	other	0.0
009	408.0	Picture	probe_clothe	3613540.0	2674.0	3	8192	2500.0	next	other	0.0
009	408.0	Response	2	3621671.0	10805.0	n/a	n/a	n/a	n/a	n/a	n/a
009	409.0	Sound	deity	3624407.0	2675.0	n/a	n/a	2500.0	n/a	other	0.0
009	410.0	Sound	level	3630926.0	2675.0	n/a	n/a	2500.0	n/a	other	0.0
009	411.0	Sound	hostile	3637279.0	2675.0	n/a	n/a	2500.0	n/a	other	0.0
009	412.0	Sound	terrain	3646306.0	2675.0	n/a	n/a	2500.0	n/a	other	0.0
009	413.0	Sound	yield	3655500.0	2675.0	n/a	n/a	2500.0	n/a	other	0.0
009	414.0	Sound	bare	3662688.0	2675.0	n/a	n/a	2500.0	n/a	other	0.0
009	415.0	Sound	exude	3669208.0	2675.0	n/a	n/a	2500.0	n/a	other	0.0
009	416.0	Sound	atom	3676898.0	2675.0	n/a	n/a	2500.0	n/a	other	0.0
009	417.0	Sound	crowd	3683417.0	2675.0	n/a	n/a	2500.0	n/a	other	0.0
009	418.0	Sound	fed	3691107.0	2675.0	n/a	n/a	2500.0	n/a	other	0.0
009	419.0	Sound	tradition	3698295.0	2675.0	n/a	n/a	2500.0	n/a	other	0.0
009	420.0	Sound	brave	3706152.0	2675.0	n/a	n/a	2500.0	n/a	other	0.0
009	421.0	Sound	shed	3712672.0	2675.0	n/a	n/a	2500.0	n/a	other	0.0
009	422.0	Sound	menu	3720027.0	2675.0	n/a	n/a	2500.0	n/a	other	0.0
009	423.0	Sound	bait	3726881.0	2675.0	n/a	n/a	2500.0	n/a	other	0.0
009	424.0	Sound	octave	3733066.0	2675.0	n/a	n/a	2500.0	n/a	other	0.0
009	425.0	Sound	trespass	3740923.0	2675.0	n/a	n/a	2500.0	n/a	other	0.0
009	426.0	Sound	forget	3749950.0	2675.0	n/a	n/a	2500.0	n/a	other	0.0
009	427.0	Sound	chore	3756303.0	2675.0	n/a	n/a	2500.0	n/a	other	0.0
009	428.0	Sound	latitude	3763825.0	2675.0	n/a	n/a	2500.0	n/a	other	0.0
009	429.0	Picture	probe_debacle	3773186.0	2674.0	2	25243	2500.0	next	other	0.0
009	429.0	Response	1	3798319.0	27807.0	n/a	n/a	n/a	n/a	n/a	n/a
009	430.0	Sound	eminent	3801104.0	2675.0	n/a	n/a	2500.0	n/a	other	0.0
009	431.0	Picture	probe_people	3808626.0	2675.0	2	13708	2500.0	next	other	0.0
009	431.0	Response	1	3822229.0	16278.0	n/a	n/a	n/a	n/a	n/a	n/a
009	432.0	Sound	win	3825009.0	2675.0	n/a	n/a	2500.0	n/a	other	0.0
009	433.0	Sound	attack	3832030.0	2675.0	n/a	n/a	2500.0	n/a	other	0.0
009	434.0	Sound	pheasant	3839553.0	2676.0	n/a	n/a	2500.0	n/a	other	0.0
009	435.0	Sound	obvious	3847577.0	2676.0	n/a	n/a	2500.0	n/a	other	0.0
009	436.0	Sound	gone	3857440.0	2676.0	n/a	n/a	2500.0	n/a	other	0.0
009	437.0	Sound	imply	3863959.0	2675.0	n/a	n/a	2500.0	n/a	other	0.0
009	438.0	Sound	convince	3873153.0	2675.0	n/a	n/a	2500.0	n/a	other	0.0
009	439.0	Sound	heron	3881345.0	2676.0	n/a	n/a	2500.0	n/a	other	0.0
009	440.0	Sound	harp	3887363.0	2675.0	n/a	n/a	2500.0	n/a	other	0.0
009	441.0	Sound	shudder	3893381.0	2675.0	n/a	n/a	2500.0	n/a	other	0.0
009	442.0	Sound	staple	3900235.0	2675.0	n/a	n/a	2500.0	n/a	other	0.0
009	443.0	Sound	duet	3908092.0	2676.0	n/a	n/a	2500.0	n/a	other	0.0
009	444.0	Sound	fuse	3916283.0	2675.0	n/a	n/a	2500.0	n/a	other	0.0
009	445.0	Sound	congress	3925811.0	2675.0	n/a	n/a	2500.0	n/a	other	0.0
009	446.0	Sound	token	3934003.0	2676.0	n/a	n/a	2500.0	n/a	other	0.0
009	447.0	Sound	tease	3941024.0	2675.0	n/a	n/a	2500.0	n/a	other	0.0
009	448.0	Sound	length	3949382.0	2675.0	n/a	n/a	2500.0	n/a	other	0.0
009	449.0	Sound	spectacle	3958409.0	2675.0	n/a	n/a	2500.0	n/a	other	0.0
009	450.0	Sound	rest	3968607.0	2676.0	n/a	n/a	2500.0	n/a	other	0.0
009	451.0	Picture	probe_aunt	3975627.0	2675.0	2	11200	2500.0	next	other	0.0
009	451.0	Response	1	3986667.0	13715.0	n/a	n/a	n/a	n/a	n/a	n/a
009	452.0	Sound	secret	3989503.0	2676.0	n/a	n/a	2500.0	n/a	other	0.0
009	453.0	Sound	flush	3997360.0	2676.0	n/a	n/a	2500.0	n/a	other	0.0
009	454.0	Sound	protect	4004715.0	2675.0	n/a	n/a	2500.0	n/a	other	0.0
009	455.0	Sound	iota	4013241.0	2676.0	n/a	n/a	2500.0	n/a	other	0.0
009	456.0	Sound	strain	4021933.0	2675.0	n/a	n/a	2500.0	n/a	other	0.0
009	457.0	Sound	taint	4030626.0	2675.0	n/a	n/a	2500.0	n/a	other	0.0
009	458.0	Sound	perk	4037480.0	2675.0	n/a	n/a	2500.0	n/a	other	0.0
009	459.0	Sound	inferior	4043665.0	2675.0	n/a	n/a	2500.0	n/a	other	0.0
009	460.0	Sound	jade	4053027.0	2676.0	n/a	n/a	2500.0	n/a	other	0.0
009	461.0	Sound	cadet	4060215.0	2675.0	n/a	n/a	2500.0	n/a	other	0.0
009	462.0	Sound	rain	4067403.0	2675.0	n/a	n/a	2500.0	n/a	other	0.0
009	463.0	Sound	wilt	4074424.0	2675.0	n/a	n/a	2500.0	n/a	other	0.0
009	464.0	Picture	probe_limp	4080274.0	2674.0	3	21732	2500.0	next	other	0.0
009	464.0	Response	2	4101835.0	24235.0	n/a	n/a	n/a	n/a	n/a	n/a
009	465.0	Sound	fringe	4104682.0	2676.0	n/a	n/a	2500.0	n/a	other	0.0
009	466.0	Sound	chic	4114210.0	2675.0	n/a	n/a	2500.0	n/a	other	0.0
009	467.0	Sound	defy	4120897.0	2675.0	n/a	n/a	2500.0	n/a	other	0.0
009	468.0	Sound	associate	4129924.0	2675.0	n/a	n/a	2500.0	n/a	other	0.0
009	469.0	Sound	satin	4138450.0	2676.0	n/a	n/a	2500.0	n/a	other	0.0
009	470.0	Sound	beep	4146808.0	2675.0	n/a	n/a	2500.0	n/a	other	0.0
009	471.0	Sound	conceal	4151990.0	2675.0	n/a	n/a	2500.0	n/a	other	0.0
009	472.0	Sound	crate	4160850.0	2675.0	n/a	n/a	2500.0	n/a	other	0.0
009	473.0	Sound	spigot	4167871.0	2675.0	n/a	n/a	2500.0	n/a	other	0.0
009	474.0	Sound	fissure	4176397.0	2675.0	n/a	n/a	2500.0	n/a	other	0.0
009	475.0	Sound	expire	4183585.0	2675.0	n/a	n/a	2500.0	n/a	other	0.0
009	476.0	Sound	afraid	4192111.0	2676.0	n/a	n/a	2500.0	n/a	other	0.0
009	477.0	Picture	probe_fear	4200301.0	2674.0	4	21899	2500.0	next	other	0.0
009	477.0	Response	2	4222053.0	24426.0	n/a	n/a	n/a	n/a	n/a	n/a
009	478.0	Sound	invite	4224876.0	2676.0	n/a	n/a	2500.0	n/a	other	0.0
009	479.0	Sound	decree	4232900.0	2675.0	n/a	n/a	2500.0	n/a	other	0.0
009	480.0	Sound	swing	4241760.0	2676.0	n/a	n/a	2500.0	n/a	other	0.0
009	481.0	Sound	gallon	4249282.0	2675.0	n/a	n/a	2500.0	n/a	other	0.0
009	482.0	Sound	poultry	4256470.0	2675.0	n/a	n/a	2500.0	n/a	other	0.0
009	483.0	Sound	brim	4264327.0	2675.0	n/a	n/a	2500.0	n/a	other	0.0
009	484.0	Sound	understand	4272351.0	2675.0	n/a	n/a	2500.0	n/a	other	0.0
009	485.0	Sound	inning	4281546.0	2675.0	n/a	n/a	2500.0	n/a	other	0.0
009	486.0	Picture	probe_recess	4289068.0	2675.0	2	26245	2500.0	next	other	0.0
009	486.0	Response	1	4315153.0	28760.0	n/a	n/a	n/a	n/a	n/a	n/a
009	487.0	Sound	stuff	4317988.0	2675.0	n/a	n/a	2500.0	n/a	other	0.0
009	488.0	Sound	grape	4326180.0	2676.0	n/a	n/a	2500.0	n/a	other	0.0
009	489.0	Sound	soap	4332532.0	2675.0	n/a	n/a	2500.0	n/a	other	0.0
009	490.0	Picture	probe_rub	4339385.0	2674.0	3	11702	2500.0	next	other	0.0
009	490.0	Response	2	4351072.0	14361.0	n/a	n/a	n/a	n/a	n/a	n/a
009	491.0	Sound	ruin	4353762.0	2675.0	n/a	n/a	2500.0	n/a	other	0.0
009	492.0	Sound	chant	4361787.0	2676.0	n/a	n/a	2500.0	n/a	other	0.0
009	493.0	Sound	gloom	4369476.0	2675.0	n/a	n/a	2500.0	n/a	other	0.0
009	494.0	Sound	desert	4376163.0	2675.0	n/a	n/a	2500.0	n/a	other	0.0
009	495.0	Sound	grip	4383518.0	2675.0	n/a	n/a	2500.0	n/a	other	0.0
009	496.0	Sound	hunch	4390038.0	2675.0	n/a	n/a	2500.0	n/a	other	0.0
009	497.0	Sound	fig	4397561.0	2676.0	n/a	n/a	2500.0	n/a	other	0.0
009	498.0	Sound	soup	4405083.0	2675.0	n/a	n/a	2500.0	n/a	other	0.0
009	499.0	Sound	rubble	4412940.0	2675.0	n/a	n/a	2500.0	n/a	other	0.0
009	500.0	Sound	register	4419961.0	2675.0	n/a	n/a	2500.0	n/a	other	0.0
009	501.0	Sound	trap	4428821.0	2675.0	n/a	n/a	2500.0	n/a	other	0.0
009	502.0	Sound	gas	4435508.0	2675.0	n/a	n/a	2500.0	n/a	other	0.0
009	503.0	Picture	probe_note	4442361.0	2675.0	3	11200	2500.0	next	other	0.0
009	503.0	Response	1	4453391.0	13705.0	n/a	n/a	n/a	n/a	n/a	n/a
009	504.0	Sound	spend	4456237.0	2676.0	n/a	n/a	2500.0	n/a	other	0.0
009	505.0	Sound	duration	4465765.0	2675.0	n/a	n/a	2500.0	n/a	other	0.0
009	506.0	Sound	quarry	4476297.0	2675.0	n/a	n/a	2500.0	n/a	other	0.0
009	507.0	Sound	femur	4483652.0	2675.0	n/a	n/a	2500.0	n/a	other	0.0
009	508.0	Sound	farce	4490673.0	2675.0	n/a	n/a	2500.0	n/a	other	0.0
009	509.0	Sound	exquisite	4498697.0	2675.0	n/a	n/a	2500.0	n/a	other	0.0
009	510.0	Sound	present	4506053.0	2675.0	n/a	n/a	2500.0	n/a	other	0.0
009	511.0	Sound	shift	4513241.0	2675.0	n/a	n/a	2500.0	n/a	other	0.0
009	512.0	Sound	temperature	4521265.0	2675.0	n/a	n/a	2500.0	n/a	other	0.0
009	513.0	Sound	segment	4529791.0	2675.0	n/a	n/a	2500.0	n/a	other	0.0
009	514.0	Sound	lesion	4537480.0	2675.0	n/a	n/a	2500.0	n/a	other	0.0
009	515.0	Sound	smooth	4545337.0	2675.0	n/a	n/a	2500.0	n/a	other	0.0
009	516.0	Sound	prune	4554364.0	2675.0	n/a	n/a	2500.0	n/a	other	0.0
009	517.0	Sound	null	4561887.0	2675.0	n/a	n/a	2500.0	n/a	other	0.0
009	518.0	Sound	haunt	4568407.0	2676.0	n/a	n/a	2500.0	n/a	other	0.0
009	519.0	Sound	hard	4575261.0	2676.0	n/a	n/a	2500.0	n/a	other	0.0
009	520.0	Sound	torment	4582616.0	2675.0	n/a	n/a	2500.0	n/a	other	0.0
009	521.0	Sound	substance	4590306.0	2676.0	n/a	n/a	2500.0	n/a	other	0.0
009	522.0	Sound	asphalt	4599667.0	2675.0	n/a	n/a	2500.0	n/a	other	0.0
009	523.0	Picture	probe_pave	4607858.0	2675.0	2	14376	2500.0	next	other	0.0
009	523.0	Response	2	4622169.0	16986.0	n/a	n/a	n/a	n/a	n/a	n/a
009	524.0	Sound	flurry	4624910.0	2676.0	n/a	n/a	2500.0	n/a	other	0.0
009	525.0	Sound	gentle	4632766.0	2675.0	n/a	n/a	2500.0	n/a	other	0.0
009	526.0	Sound	snarl	4640623.0	2675.0	n/a	n/a	2500.0	n/a	other	0.0
009	527.0	Sound	elastic	4648982.0	2675.0	n/a	n/a	2500.0	n/a	other	0.0
009	528.0	Sound	parent	4657340.0	2675.0	n/a	n/a	2500.0	n/a	other	0.0
009	529.0	Sound	sinus	4664027.0	2675.0	n/a	n/a	2500.0	n/a	other	0.0
009	530.0	Sound	grim	4672385.0	2675.0	n/a	n/a	2500.0	n/a	other	0.0
009	531.0	Sound	glue	4678738.0	2675.0	n/a	n/a	2500.0	n/a	other	0.0
009	532.0	Sound	choir	4685424.0	2675.0	n/a	n/a	2500.0	n/a	other	0.0
009	533.0	Picture	probe_saloon	4693281.0	2675.0	2	24574	2500.0	next	other	0.0
009	533.0	Response	1	4717808.0	27202.0	n/a	n/a	n/a	n/a	n/a	n/a
009	534.0	Sound	umbrella	4720530.0	2675.0	n/a	n/a	2500.0	n/a	other	0.0
009	535.0	Sound	bias	4728721.0	2675.0	n/a	n/a	2500.0	n/a	other	0.0
009	536.0	Sound	premise	4737748.0	2675.0	n/a	n/a	2500.0	n/a	other	0.0
009	537.0	Sound	errand	4745104.0	2676.0	n/a	n/a	2500.0	n/a	other	0.0
009	538.0	Sound	scoff	4752960.0	2675.0	n/a	n/a	2500.0	n/a	other	0.0
009	539.0	Sound	tunic	4761653.0	2675.0	n/a	n/a	2500.0	n/a	other	0.0
009	540.0	Sound	tend	4768674.0	2675.0	n/a	n/a	2500.0	n/a	other	0.0
009	541.0	Sound	strict	4775027.0	2676.0	n/a	n/a	2500.0	n/a	other	0.0
009	542.0	Sound	fiction	4782549.0	2675.0	n/a	n/a	2500.0	n/a	other	0.0
009	543.0	Sound	crop	4791242.0	2675.0	n/a	n/a	2500.0	n/a	other	0.0
009	544.0	Sound	vet	4798263.0	2675.0	n/a	n/a	2500.0	n/a	other	0.0
009	545.0	Picture	probe_farm	4805284.0	2675.0	2	24908	2500.0	next	other	0.0
009	545.0	Response	2	4830066.0	27457.0	n/a	n/a	n/a	n/a	n/a	n/a
009	546.0	Sound	sausage	4832867.0	2675.0	n/a	n/a	2500.0	n/a	other	0.0
009	547.0	Sound	spurt	4841225.0	2675.0	n/a	n/a	2500.0	n/a	other	0.0
009	548.0	Sound	salad	4848414.0	2676.0	n/a	n/a	2500.0	n/a	other	0.0
009	549.0	Sound	lawn	4857106.0	2675.0	n/a	n/a	2500.0	n/a	other	0.0
009	550.0	Sound	interest	4864629.0	2675.0	n/a	n/a	2500.0	n/a	other	0.0
009	551.0	Sound	stress	4872319.0	2675.0	n/a	n/a	2500.0	n/a	other	0.0
009	552.0	Sound	rind	4880008.0	2675.0	n/a	n/a	2500.0	n/a	other	0.0
009	553.0	Sound	explicit	4886026.0	2675.0	n/a	n/a	2500.0	n/a	other	0.0
009	554.0	Sound	scare	4896057.0	2676.0	n/a	n/a	2500.0	n/a	other	0.0
009	555.0	Sound	plough	4903914.0	2676.0	n/a	n/a	2500.0	n/a	other	0.0
009	556.0	Sound	sling	4910266.0	2675.0	n/a	n/a	2500.0	n/a	other	0.0
009	557.0	Sound	shrimp	4919627.0	2675.0	n/a	n/a	2500.0	n/a	other	0.0
009	558.0	Sound	multiple	4926648.0	2675.0	n/a	n/a	2500.0	n/a	other	0.0
009	559.0	Sound	milk	4935341.0	2675.0	n/a	n/a	2500.0	n/a	other	0.0
009	560.0	Sound	melt	4942362.0	2675.0	n/a	n/a	2500.0	n/a	other	0.0
009	561.0	Picture	probe_pedestal	4949383.0	2675.0	2	9194	2500.0	next	other	0.0
009	561.0	Response	1	4958525.0	11817.0	n/a	n/a	n/a	n/a	n/a	n/a
009	562.0	Sound	circle	4961252.0	2675.0	n/a	n/a	2500.0	n/a	other	0.0
009	563.0	Sound	vary	4969109.0	2675.0	n/a	n/a	2500.0	n/a	other	0.0
009	564.0	Sound	roar	4976130.0	2675.0	n/a	n/a	2500.0	n/a	other	0.0
009	565.0	Sound	flog	4983318.0	2675.0	n/a	n/a	2500.0	n/a	other	0.0
009	566.0	Sound	scrounge	4992011.0	2675.0	n/a	n/a	2500.0	n/a	other	0.0
009	567.0	Sound	incessant	5000871.0	2675.0	n/a	n/a	2500.0	n/a	other	0.0
009	568.0	Sound	owl	5009898.0	2675.0	n/a	n/a	2500.0	n/a	other	0.0
009	569.0	Sound	bolster	5016251.0	2676.0	n/a	n/a	2500.0	n/a	other	0.0
009	570.0	Sound	scale	5024776.0	2675.0	n/a	n/a	2500.0	n/a	other	0.0
009	571.0	Sound	harsh	5034138.0	2676.0	n/a	n/a	2500.0	n/a	other	0.0
009	572.0	Picture	probe_dunce	5041158.0	2674.0	2	27917	2500.0	next	other	0.0
009	572.0	Response	2	5068994.0	30510.0	n/a	n/a	n/a	n/a	n/a	n/a
009	573.0	Sound	methane	5071751.0	2676.0	n/a	n/a	2500.0	n/a	other	0.0
009	574.0	Sound	relieve	5079607.0	2675.0	n/a	n/a	2500.0	n/a	other	0.0
009	575.0	Sound	achieve	5088802.0	2675.0	n/a	n/a	2500.0	n/a	other	0.0
009	576.0	Sound	rope	5097662.0	2676.0	n/a	n/a	2500.0	n/a	other	0.0
009	577.0	Sound	trough	5104516.0	2676.0	n/a	n/a	2500.0	n/a	other	0.0
009	578.0	Sound	gruff	5112038.0	2675.0	n/a	n/a	2500.0	n/a	other	0.0
009	579.0	Sound	pair	5119393.0	2675.0	n/a	n/a	2500.0	n/a	other	0.0
009	580.0	Sound	quarrel	5126080.0	2675.0	n/a	n/a	2500.0	n/a	other	0.0
009	581.0	Sound	whine	5133268.0	2675.0	n/a	n/a	2500.0	n/a	other	0.0
009	582.0	Sound	circus	5141125.0	2675.0	n/a	n/a	2500.0	n/a	other	0.0
009	583.0	Sound	advance	5150320.0	2676.0	n/a	n/a	2500.0	n/a	other	0.0
009	584.0	Sound	result	5159180.0	2676.0	n/a	n/a	2500.0	n/a	other	0.0
009	585.0	Sound	drug	5167538.0	2675.0	n/a	n/a	2500.0	n/a	other	0.0
009	586.0	Picture	probe_medicine	5173890.0	2675.0	2	13541	2500.0	next	other	0.0
009	586.0	Response	2	5187312.0	16097.0	n/a	n/a	n/a	n/a	n/a	n/a
009	587.0	Sound	sermon	5190106.0	2675.0	n/a	n/a	2500.0	n/a	other	0.0
009	588.0	Sound	cancel	5197461.0	2675.0	n/a	n/a	2500.0	n/a	other	0.0
009	589.0	Picture	probe_grave	5205652.0	2675.0	2	17218	2500.0	next	other	0.0
009	589.0	Response	2	5222832.0	19855.0	n/a	n/a	n/a	n/a	n/a	n/a
009	590.0	Sound	pad	5225545.0	2675.0	n/a	n/a	2500.0	n/a	other	0.0
009	591.0	Sound	dish	5232232.0	2675.0	n/a	n/a	2500.0	n/a	other	0.0
009	592.0	Sound	essay	5238752.0	2675.0	n/a	n/a	2500.0	n/a	other	0.0
009	593.0	Picture	probe_literary	5245271.0	2675.0	2	16048	2500.0	next	other	0.0
009	593.0	Response	2	5261161.0	18565.0	n/a	n/a	n/a	n/a	n/a	n/a
009	594.0	Sound	expanse	5263994.0	2675.0	n/a	n/a	2500.0	n/a	other	0.0
009	595.0	Sound	seldom	5274024.0	2675.0	n/a	n/a	2500.0	n/a	other	0.0
009	596.0	Sound	slurp	5282048.0	2675.0	n/a	n/a	2500.0	n/a	other	0.0
009	597.0	Sound	drab	5289070.0	2676.0	n/a	n/a	2500.0	n/a	other	0.0
009	598.0	Sound	treason	5296258.0	2676.0	n/a	n/a	2500.0	n/a	other	0.0
009	599.0	Sound	purchase	5304282.0	2675.0	n/a	n/a	2500.0	n/a	other	0.0
009	600.0	Sound	learn	5312306.0	2675.0	n/a	n/a	2500.0	n/a	other	0.0
009	601.0	Sound	compound	5319327.0	2675.0	n/a	n/a	2500.0	n/a	other	0.0
009	602.0	Sound	avail	5328354.0	2675.0	n/a	n/a	2500.0	n/a	other	0.0
009	603.0	Picture	probe_cause	5336043.0	2674.0	2	13207	2500.0	next	other	0.0
009	603.0	Response	1	5349230.0	15861.0	n/a	n/a	n/a	n/a	n/a	n/a
009	604.0	Sound	exceed	5351925.0	2675.0	n/a	n/a	2500.0	n/a	other	0.0
009	605.0	Sound	nephew	5359949.0	2675.0	n/a	n/a	2500.0	n/a	other	0.0
009	606.0	Sound	grail	5367806.0	2675.0	n/a	n/a	2500.0	n/a	other	0.0
009	607.0	Sound	snack	5375663.0	2676.0	n/a	n/a	2500.0	n/a	other	0.0
009	608.0	Sound	extinct	5383854.0	2675.0	n/a	n/a	2500.0	n/a	other	0.0
009	609.0	Sound	quick	5391878.0	2675.0	n/a	n/a	2500.0	n/a	other	0.0
009	610.0	Sound	awe	5397729.0	2675.0	n/a	n/a	2500.0	n/a	other	0.0
009	611.0	Sound	naked	5404248.0	2675.0	n/a	n/a	2500.0	n/a	other	0.0
009	612.0	Sound	batch	5410935.0	2675.0	n/a	n/a	2500.0	n/a	other	0.0
009	613.0	Sound	renaissance	5417455.0	2676.0	n/a	n/a	2500.0	n/a	other	0.0
009	614.0	Sound	poor	5427318.0	2676.0	n/a	n/a	2500.0	n/a	other	0.0
009	615.0	Sound	wedge	5435007.0	2675.0	n/a	n/a	2500.0	n/a	other	0.0
009	616.0	Sound	bovine	5442530.0	2675.0	n/a	n/a	2500.0	n/a	other	0.0
009	617.0	Sound	cushion	5450387.0	2675.0	n/a	n/a	2500.0	n/a	other	0.0
009	618.0	Picture	probe_vague	5457407.0	2674.0	3	10532	2500.0	next	other	0.0
009	618.0	Response	1	5467899.0	13166.0	n/a	n/a	n/a	n/a	n/a	n/a
009	619.0	Sound	implement	5470614.0	2675.0	n/a	n/a	2500.0	n/a	other	0.0
009	620.0	Sound	role	5479307.0	2675.0	n/a	n/a	2500.0	n/a	other	0.0
009	621.0	Sound	mountain	5485492.0	2675.0	n/a	n/a	2500.0	n/a	other	0.0
009	622.0	Sound	ride	5493349.0	2675.0	n/a	n/a	2500.0	n/a	other	0.0
009	623.0	Sound	eclectic	5500872.0	2675.0	n/a	n/a	2500.0	n/a	other	0.0
009	624.0	Sound	interlude	5511570.0	2675.0	n/a	n/a	2500.0	n/a	other	0.0
009	625.0	Sound	barnacle	5521768.0	2675.0	n/a	n/a	2500.0	n/a	other	0.0
009	626.0	Sound	rigid	5529458.0	2676.0	n/a	n/a	2500.0	n/a	other	0.0
009	627.0	Sound	mesh	5536311.0	2675.0	n/a	n/a	2500.0	n/a	other	0.0
009	628.0	Sound	wax	5543332.0	2675.0	n/a	n/a	2500.0	n/a	other	0.0
009	629.0	Sound	match	5551189.0	2675.0	n/a	n/a	2500.0	n/a	other	0.0
009	630.0	Sound	wave	5558712.0	2675.0	n/a	n/a	2500.0	n/a	other	0.0
009	631.0	Sound	galore	5566402.0	2675.0	n/a	n/a	2500.0	n/a	other	0.0
009	632.0	Sound	fee	5573590.0	2675.0	n/a	n/a	2500.0	n/a	other	0.0
009	633.0	Sound	turmoil	5579608.0	2675.0	n/a	n/a	2500.0	n/a	other	0.0
009	634.0	Picture	probe_chamber	5587966.0	2675.0	2	19057	2500.0	next	other	0.0
009	634.0	Response	1	5606877.0	21586.0	n/a	n/a	n/a	n/a	n/a	n/a
009	635.0	Sound	should	5609698.0	2675.0	n/a	n/a	2500.0	n/a	other	0.0
009	636.0	Sound	consensus	5616719.0	2675.0	n/a	n/a	2500.0	n/a	other	0.0
009	637.0	Sound	fuss	5626917.0	2676.0	n/a	n/a	2500.0	n/a	other	0.0
009	638.0	Sound	hash	5634774.0	2676.0	n/a	n/a	2500.0	n/a	other	0.0
009	639.0	Sound	blubber	5642296.0	2675.0	n/a	n/a	2500.0	n/a	other	0.0
009	640.0	Picture	probe_fat	5649317.0	2675.0	2	28418	2500.0	next	other	0.0
009	640.0	Response	2	5677586.0	30944.0	n/a	n/a	n/a	n/a	n/a	n/a
009	641.0	Sound	slit	5680411.0	2676.0	n/a	n/a	2500.0	n/a	other	0.0
009	642.0	Sound	pity	5687097.0	2675.0	n/a	n/a	2500.0	n/a	other	0.0
009	643.0	Sound	weary	5693282.0	2675.0	n/a	n/a	2500.0	n/a	other	0.0
009	644.0	Sound	slip	5702142.0	2675.0	n/a	n/a	2500.0	n/a	other	0.0
009	645.0	Sound	pedestrian	5709163.0	2675.0	n/a	n/a	2500.0	n/a	other	0.0
009	646.0	Sound	stomach	5718023.0	2675.0	n/a	n/a	2500.0	n/a	other	0.0
009	647.0	Sound	iodine	5726215.0	2676.0	n/a	n/a	2500.0	n/a	other	0.0
009	648.0	Sound	sullen	5735409.0	2675.0	n/a	n/a	2500.0	n/a	other	0.0
009	649.0	Sound	monarch	5742932.0	2676.0	n/a	n/a	2500.0	n/a	other	0.0
009	650.0	Sound	grate	5750621.0	2675.0	n/a	n/a	2500.0	n/a	other	0.0
009	651.0	Sound	industry	5756806.0	2675.0	n/a	n/a	2500.0	n/a	other	0.0
009	652.0	Sound	seek	5764496.0	2675.0	n/a	n/a	2500.0	n/a	other	0.0
009	653.0	Sound	tick	5772520.0	2675.0	n/a	n/a	2500.0	n/a	other	0.0
009	654.0	Sound	relax	5778706.0	2676.0	n/a	n/a	2500.0	n/a	other	0.0
009	655.0	Sound	frantic	5787733.0	2676.0	n/a	n/a	2500.0	n/a	other	0.0
009	656.0	Sound	locate	5796425.0	2675.0	n/a	n/a	2500.0	n/a	other	0.0
009	657.0	Sound	finale	5803948.0	2675.0	n/a	n/a	2500.0	n/a	other	0.0
009	658.0	Sound	rash	5812474.0	2676.0	n/a	n/a	2500.0	n/a	other	0.0
009	659.0	Picture	probe_red	5819828.0	2674.0	3	15714	2500.0	next	other	0.0
009	659.0	Response	1	5835514.0	18360.0	n/a	n/a	n/a	n/a	n/a	n/a
009	660.0	Sound	theory	5838217.0	2675.0	n/a	n/a	2500.0	n/a	other	0.0
009	661.0	Sound	caribou	5846409.0	2675.0	n/a	n/a	2500.0	n/a	other	0.0
009	662.0	Sound	fortuitous	5853931.0	2675.0	n/a	n/a	2500.0	n/a	other	0.0
009	663.0	Sound	vintage	5863794.0	2675.0	n/a	n/a	2500.0	n/a	other	0.0
009	664.0	Picture	probe_stubble	5871985.0	2675.0	2	11535	2500.0	next	other	0.0
009	664.0	Response	1	5883494.0	14184.0	n/a	n/a	n/a	n/a	n/a	n/a
009	665.0	Sound	furtive	5886195.0	2675.0	n/a	n/a	2500.0	n/a	other	0.0
009	666.0	Sound	timid	5893885.0	2676.0	n/a	n/a	2500.0	n/a	other	0.0
009	667.0	Sound	roast	5900738.0	2675.0	n/a	n/a	2500.0	n/a	other	0.0
009	668.0	Sound	clone	5908428.0	2675.0	n/a	n/a	2500.0	n/a	other	0.0
009	669.0	Sound	suppress	5915951.0	2675.0	n/a	n/a	2500.0	n/a	other	0.0
009	670.0	Sound	myriad	5926315.0	2675.0	n/a	n/a	2500.0	n/a	other	0.0
009	671.0	Sound	condition	5933336.0	2675.0	n/a	n/a	2500.0	n/a	other	0.0
009	672.0	Sound	dingy	5942363.0	2675.0	n/a	n/a	2500.0	n/a	other	0.0
009	673.0	Sound	balcony	5949552.0	2676.0	n/a	n/a	2500.0	n/a	other	0.0
009	674.0	Sound	beta	5957910.0	2675.0	n/a	n/a	2500.0	n/a	other	0.0
009	675.0	Sound	altar	5963928.0	2675.0	n/a	n/a	2500.0	n/a	other	0.0
009	676.0	Sound	slogan	5971451.0	2676.0	n/a	n/a	2500.0	n/a	other	0.0
009	677.0	Sound	mist	5979976.0	2675.0	n/a	n/a	2500.0	n/a	other	0.0
009	678.0	Sound	aspirin	5987833.0	2675.0	n/a	n/a	2500.0	n/a	other	0.0
009	679.0	Sound	join	5995356.0	2675.0	n/a	n/a	2500.0	n/a	other	0.0
009	680.0	Sound	sly	6001875.0	2675.0	n/a	n/a	2500.0	n/a	other	0.0
009	681.0	Sound	rear	6010568.0	2675.0	n/a	n/a	2500.0	n/a	other	0.0
009	682.0	Sound	prerogative	6018258.0	2675.0	n/a	n/a	2500.0	n/a	other	0.0
009	683.0	Sound	paint	6026783.0	2675.0	n/a	n/a	2500.0	n/a	other	0.0
009	684.0	Sound	ran	6033136.0	2675.0	n/a	n/a	2500.0	n/a	other	0.0
009	685.0	Picture	probe_away	6040156.0	2674.0	3	13207	2500.0	next	other	0.0
009	685.0	Response	2	6053342.0	15860.0	n/a	n/a	n/a	n/a	n/a	n/a
009	686.0	Sound	phrase	6056038.0	2675.0	n/a	n/a	2500.0	n/a	other	0.0
009	687.0	Sound	affirm	6063895.0	2675.0	n/a	n/a	2500.0	n/a	other	0.0
009	688.0	Picture	probe_lay	6074092.0	2675.0	2	13039	2500.0	next	other	0.0
009	688.0	Response	1	6087091.0	15674.0	n/a	n/a	n/a	n/a	n/a	n/a
009	689.0	Sound	valid	6089806.0	2675.0	n/a	n/a	2500.0	n/a	other	0.0
009	690.0	Sound	tribe	6096660.0	2675.0	n/a	n/a	2500.0	n/a	other	0.0
009	691.0	Sound	quilt	6104517.0	2676.0	n/a	n/a	2500.0	n/a	other	0.0
009	692.0	Sound	diploma	6110869.0	2675.0	n/a	n/a	2500.0	n/a	other	0.0
009	693.0	Sound	scrape	6119729.0	2675.0	n/a	n/a	2500.0	n/a	other	0.0
009	694.0	Sound	banquet	6128255.0	2676.0	n/a	n/a	2500.0	n/a	other	0.0
009	695.0	Sound	exempt	6135610.0	2675.0	n/a	n/a	2500.0	n/a	other	0.0
009	696.0	Sound	exert	6144971.0	2675.0	n/a	n/a	2500.0	n/a	other	0.0
009	697.0	Sound	parasol	6152494.0	2675.0	n/a	n/a	2500.0	n/a	other	0.0
009	698.0	Picture	probe_shade	6160852.0	2675.0	2	17553	2500.0	next	other	0.0
009	698.0	Response	2	6178370.0	20193.0	n/a	n/a	n/a	n/a	n/a	n/a
009	699.0	Sound	vegetable	6181080.0	2675.0	n/a	n/a	2500.0	n/a	other	0.0
009	700.0	Sound	squash	6188937.0	2675.0	n/a	n/a	2500.0	n/a	other	0.0
009	701.0	Sound	simmer	6197964.0	2675.0	n/a	n/a	2500.0	n/a	other	0.0
009	702.0	Sound	seminar	6206489.0	2675.0	n/a	n/a	2500.0	n/a	other	0.0
009	703.0	Sound	casual	6214513.0	2675.0	n/a	n/a	2500.0	n/a	other	0.0
009	704.0	Sound	twig	6222036.0	2675.0	n/a	n/a	2500.0	n/a	other	0.0
009	705.0	Sound	prophet	6228221.0	2675.0	n/a	n/a	2500.0	n/a	other	0.0
009	706.0	Sound	defer	6235242.0	2675.0	n/a	n/a	2500.0	n/a	other	0.0
009	707.0	Sound	assume	6242598.0	2675.0	n/a	n/a	2500.0	n/a	other	0.0
009	708.0	Sound	screw	6251625.0	2675.0	n/a	n/a	2500.0	n/a	other	0.0
009	709.0	Sound	example	6259649.0	2675.0	n/a	n/a	2500.0	n/a	other	0.0
009	710.0	Sound	cough	6268007.0	2675.0	n/a	n/a	2500.0	n/a	other	0.0
009	711.0	Sound	hog	6274694.0	2675.0	n/a	n/a	2500.0	n/a	other	0.0
009	712.0	Sound	interfere	6281381.0	2675.0	n/a	n/a	2500.0	n/a	other	0.0
009	713.0	Sound	custom	6290241.0	2675.0	n/a	n/a	2500.0	n/a	other	0.0
009	714.0	Sound	broke	6298098.0	2676.0	n/a	n/a	2500.0	n/a	other	0.0
009	715.0	Sound	obtain	6303781.0	2675.0	n/a	n/a	2500.0	n/a	other	0.0
009	716.0	Sound	dozen	6311638.0	2675.0	n/a	n/a	2500.0	n/a	other	0.0
009	717.0	Sound	bother	6319161.0	2675.0	n/a	n/a	2500.0	n/a	other	0.0
009	718.0	Sound	tissue	6325680.0	2675.0	n/a	n/a	2500.0	n/a	other	0.0
009	719.0	Picture	probe_cuss	6332868.0	2675.0	2	18556	2500.0	next	other	0.0
009	719.0	Response	1	6351348.0	21155.0	n/a	n/a	n/a	n/a	n/a	n/a
009	720.0	Sound	plunge	6354099.0	2675.0	n/a	n/a	2500.0	n/a	other	0.0
009	721.0	Sound	tent	6361454.0	2675.0	n/a	n/a	2500.0	n/a	other	0.0
009	722.0	Sound	bless	6367807.0	2675.0	n/a	n/a	2500.0	n/a	other	0.0
009	723.0	Sound	circa	6375329.0	2675.0	n/a	n/a	2500.0	n/a	other	0.0
009	724.0	Sound	stalk	6382350.0	2675.0	n/a	n/a	2500.0	n/a	other	0.0
009	725.0	Picture	probe_affect	6390541.0	2674.0	2	29255	2500.0	next	other	0.0
009	725.0	Response	2	6419767.0	31900.0	n/a	n/a	n/a	n/a	n/a	n/a
009	726.0	Sound	empty	6422471.0	2675.0	n/a	n/a	2500.0	n/a	other	0.0
009	727.0	Sound	accelerate	6429826.0	2675.0	n/a	n/a	2500.0	n/a	other	0.0
009	728.0	Sound	basket	6439522.0	2675.0	n/a	n/a	2500.0	n/a	other	0.0
009	729.0	Sound	suspect	6449552.0	2675.0	n/a	n/a	2500.0	n/a	other	0.0
009	730.0	Sound	flank	6458746.0	2675.0	n/a	n/a	2500.0	n/a	other	0.0
009	731.0	Sound	jest	6466771.0	2676.0	n/a	n/a	2500.0	n/a	other	0.0
009	732.0	Sound	ovation	6474126.0	2675.0	n/a	n/a	2500.0	n/a	other	0.0
009	733.0	Sound	odd	6481816.0	2676.0	n/a	n/a	2500.0	n/a	other	0.0
009	734.0	Sound	character	6488168.0	2675.0	n/a	n/a	2500.0	n/a	other	0.0
009	735.0	Sound	moist	6495356.0	2675.0	n/a	n/a	2500.0	n/a	other	0.0
009	736.0	Picture	probe_damp	6503046.0	2675.0	2	9361	2500.0	next	other	0.0
009	736.0	Response	2	6512306.0	11935.0	n/a	n/a	n/a	n/a	n/a	n/a
009	737.0	Sound	blight	6515082.0	2675.0	n/a	n/a	2500.0	n/a	other	0.0
009	738.0	Sound	stutter	6521267.0	2675.0	n/a	n/a	2500.0	n/a	other	0.0
009	739.0	Sound	scan	6529291.0	2675.0	n/a	n/a	2500.0	n/a	other	0.0
009	740.0	Picture	probe_read	6537482.0	2674.0	2	17720	2500.0	next	other	0.0
009	740.0	Response	2	6555186.0	20378.0	n/a	n/a	n/a	n/a	n/a	n/a
009	741.0	Sound	solid	6557877.0	2675.0	n/a	n/a	2500.0	n/a	other	0.0
009	742.0	Sound	caricature	6565901.0	2675.0	n/a	n/a	2500.0	n/a	other	0.0
009	743.0	Sound	slim	6575430.0	2675.0	n/a	n/a	2500.0	n/a	other	0.0
009	744.0	Sound	breach	6583956.0	2676.0	n/a	n/a	2500.0	n/a	other	0.0
009	745.0	Sound	hold	6590977.0	2676.0	n/a	n/a	2500.0	n/a	other	0.0
009	746.0	Sound	razor	6598332.0	2675.0	n/a	n/a	2500.0	n/a	other	0.0
009	747.0	Sound	affinity	6606356.0	2675.0	n/a	n/a	2500.0	n/a	other	0.0
009	748.0	Sound	proud	6615216.0	2675.0	n/a	n/a	2500.0	n/a	other	0.0
009	749.0	Sound	ripe	6621736.0	2676.0	n/a	n/a	2500.0	n/a	other	0.0
009	750.0	Sound	smack	6627921.0	2675.0	n/a	n/a	2500.0	n/a	other	0.0
009	751.0	Sound	weep	6635945.0	2675.0	n/a	n/a	2500.0	n/a	other	0.0
009	752.0	Sound	vein	6641963.0	2675.0	n/a	n/a	2500.0	n/a	other	0.0
009	753.0	Picture	probe_blood	6649819.0	2674.0	3	9362	2500.0	next	other	0.0
009	753.0	Response	2	6659104.0	11959.0	n/a	n/a	n/a	n/a	n/a	n/a
009	754.0	Sound	consume	6661856.0	2675.0	n/a	n/a	2500.0	n/a	other	0.0
009	755.0	Sound	site	6671719.0	2675.0	n/a	n/a	2500.0	n/a	other	0.0
009	756.0	Sound	capacity	6678740.0	2675.0	n/a	n/a	2500.0	n/a	other	0.0
009	757.0	Sound	absurd	6687266.0	2676.0	n/a	n/a	2500.0	n/a	other	0.0
009	758.0	Sound	chagrin	6696627.0	2675.0	n/a	n/a	2500.0	n/a	other	0.0
009	759.0	Sound	slush	6704818.0	2675.0	n/a	n/a	2500.0	n/a	other	0.0
009	760.0	Sound	glimmer	6713344.0	2675.0	n/a	n/a	2500.0	n/a	other	0.0
009	761.0	Sound	gouge	6721034.0	2676.0	n/a	n/a	2500.0	n/a	other	0.0
009	762.0	Sound	gram	6728556.0	2675.0	n/a	n/a	2500.0	n/a	other	0.0
009	763.0	Sound	lid	6736079.0	2675.0	n/a	n/a	2500.0	n/a	other	0.0
009	764.0	Picture	probe_tartar	6743768.0	2675.0	2	10699	2500.0	next	other	0.0
009	764.0	Response	2	6754313.0	13220.0	n/a	n/a	n/a	n/a	n/a	n/a
009	765.0	Sound	culinary	6757142.0	2675.0	n/a	n/a	2500.0	n/a	other	0.0
009	766.0	Sound	sleeve	6766169.0	2675.0	n/a	n/a	2500.0	n/a	other	0.0
009	767.0	Sound	bundle	6775530.0	2675.0	n/a	n/a	2500.0	n/a	other	0.0
009	768.0	Sound	rove	6782384.0	2675.0	n/a	n/a	2500.0	n/a	other	0.0
009	769.0	Sound	reap	6790408.0	2675.0	n/a	n/a	2500.0	n/a	other	0.0
009	770.0	Sound	horrid	6797764.0	2675.0	n/a	n/a	2500.0	n/a	other	0.0
009	771.0	Sound	meager	6805454.0	2676.0	n/a	n/a	2500.0	n/a	other	0.0
009	772.0	Sound	piece	6812642.0	2675.0	n/a	n/a	2500.0	n/a	other	0.0
009	773.0	Sound	shawl	6819997.0	2675.0	n/a	n/a	2500.0	n/a	other	0.0
009	774.0	Sound	trick	6828188.0	2675.0	n/a	n/a	2500.0	n/a	other	0.0
009	775.0	Picture	probe_joke	6834206.0	2675.0	2	9529	2500.0	next	other	0.0
009	775.0	Response	2	6843632.0	12101.0	n/a	n/a	n/a	n/a	n/a	n/a
009	776.0	Sound	precious	6846410.0	2675.0	n/a	n/a	2500.0	n/a	other	0.0
009	777.0	Sound	ugly	6854601.0	2675.0	n/a	n/a	2500.0	n/a	other	0.0
009	778.0	Sound	laser	6861455.0	2675.0	n/a	n/a	2500.0	n/a	other	0.0
009	779.0	Sound	awkward	6869145.0	2675.0	n/a	n/a	2500.0	n/a	other	0.0
009	780.0	Sound	shabby	6876835.0	2676.0	n/a	n/a	2500.0	n/a	other	0.0
009	781.0	Sound	taut	6885193.0	2675.0	n/a	n/a	2500.0	n/a	other	0.0
009	782.0	Sound	fluid	6890208.0	2675.0	n/a	n/a	2500.0	n/a	other	0.0
009	783.0	Sound	gist	6897229.0	2675.0	n/a	n/a	2500.0	n/a	other	0.0
009	784.0	Sound	lose	6904250.0	2675.0	n/a	n/a	2500.0	n/a	other	0.0
009	785.0	Sound	parakeet	6912107.0	2675.0	n/a	n/a	2500.0	n/a	other	0.0
009	786.0	Sound	venue	6921970.0	2675.0	n/a	n/a	2500.0	n/a	other	0.0
009	787.0	Sound	straddle	6929827.0	2675.0	n/a	n/a	2500.0	n/a	other	0.0
009	788.0	Sound	alumni	6938520.0	2676.0	n/a	n/a	2500.0	n/a	other	0.0
009	789.0	Picture	probe_quota	6947045.0	2675.0	2	12872	2500.0	next	other	0.0
009	789.0	Response	1	6959861.0	15491.0	n/a	n/a	n/a	n/a	n/a	n/a
009	790.0	Sound	sparse	6962592.0	2675.0	n/a	n/a	2500.0	n/a	other	0.0
009	791.0	Sound	villain	6970616.0	2675.0	n/a	n/a	2500.0	n/a	other	0.0
009	792.0	Sound	vain	6978306.0	2676.0	n/a	n/a	2500.0	n/a	other	0.0
009	793.0	Sound	quaint	6984992.0	2675.0	n/a	n/a	2500.0	n/a	other	0.0
009	794.0	Sound	claim	6992348.0	2675.0	n/a	n/a	2500.0	n/a	other	0.0
009	795.0	Sound	spin	6999536.0	2675.0	n/a	n/a	2500.0	n/a	other	0.0
009	796.0	Sound	wad	7007059.0	2676.0	n/a	n/a	2500.0	n/a	other	0.0
009	797.0	Sound	sliver	7013244.0	2675.0	n/a	n/a	2500.0	n/a	other	0.0
009	798.0	Sound	soy	7022438.0	2675.0	n/a	n/a	2500.0	n/a	other	0.0
009	799.0	Sound	consist	7030629.0	2675.0	n/a	n/a	2500.0	n/a	other	0.0
009	800.0	Picture	probe_slate	7039990.0	2674.0	3	16717	2500.0	next	other	0.0
009	800.0	Response	1	7056660.0	19344.0	n/a	n/a	n/a	n/a	n/a	n/a
009	801.0	Sound	trait	7059382.0	2675.0	n/a	n/a	2500.0	n/a	other	0.0
009	802.0	Sound	map	7065902.0	2675.0	n/a	n/a	2500.0	n/a	other	0.0
009	803.0	Sound	arrange	7072589.0	2676.0	n/a	n/a	2500.0	n/a	other	0.0
009	804.0	Sound	license	7081950.0	2675.0	n/a	n/a	2500.0	n/a	other	0.0
009	805.0	Sound	hemp	7090308.0	2675.0	n/a	n/a	2500.0	n/a	other	0.0
009	806.0	Sound	piston	7097330.0	2676.0	n/a	n/a	2500.0	n/a	other	0.0
009	807.0	Sound	mat	7104351.0	2676.0	n/a	n/a	2500.0	n/a	other	0.0
009	808.0	Sound	turbine	7110870.0	2675.0	n/a	n/a	2500.0	n/a	other	0.0
009	809.0	Sound	canoe	7119229.0	2676.0	n/a	n/a	2500.0	n/a	other	0.0
009	810.0	Sound	thrive	7125748.0	2675.0	n/a	n/a	2500.0	n/a	other	0.0
009	811.0	Sound	minimum	7132936.0	2675.0	n/a	n/a	2500.0	n/a	other	0.0
009	812.0	Sound	reef	7140459.0	2675.0	n/a	n/a	2500.0	n/a	other	0.0
009	813.0	Sound	smuggle	7147313.0	2675.0	n/a	n/a	2500.0	n/a	other	0.0
009	814.0	Picture	probe_import	7156339.0	2674.0	3	13708	2500.0	next	other	0.0
009	814.0	Response	2	7169968.0	16303.0	n/a	n/a	n/a	n/a	n/a	n/a
009	815.0	Sound	riot	7172723.0	2676.0	n/a	n/a	2500.0	n/a	other	0.0
009	816.0	Sound	eternal	7179911.0	2675.0	n/a	n/a	2500.0	n/a	other	0.0
009	817.0	Sound	sprinkle	7187600.0	2675.0	n/a	n/a	2500.0	n/a	other	0.0
009	818.0	Sound	pristine	7196795.0	2675.0	n/a	n/a	2500.0	n/a	other	0.0
009	819.0	Sound	charm	7206490.0	2675.0	n/a	n/a	2500.0	n/a	other	0.0
009	820.0	Sound	picket	7213679.0	2675.0	n/a	n/a	2500.0	n/a	other	0.0
009	821.0	Sound	moat	7221201.0	2675.0	n/a	n/a	2500.0	n/a	other	0.0
009	822.0	Sound	linoleum	7229560.0	2675.0	n/a	n/a	2500.0	n/a	other	0.0
009	823.0	Picture	probe_figure	7238085.0	2675.0	2	9863	2500.0	next	other	0.0
009	823.0	Response	1	7247877.0	12467.0	n/a	n/a	n/a	n/a	n/a	n/a
009	824.0	Sound	cartoon	7250623.0	2675.0	n/a	n/a	2500.0	n/a	other	0.0
009	825.0	Sound	feat	7259149.0	2676.0	n/a	n/a	2500.0	n/a	other	0.0
009	826.0	Sound	entertain	7265501.0	2675.0	n/a	n/a	2500.0	n/a	other	0.0
009	827.0	Sound	imperial	7274862.0	2675.0	n/a	n/a	2500.0	n/a	other	0.0
009	828.0	Sound	sulk	7283722.0	2675.0	n/a	n/a	2500.0	n/a	other	0.0
009	829.0	Sound	stellar	7292415.0	2675.0	n/a	n/a	2500.0	n/a	other	0.0
009	830.0	Picture	probe_star	7301274.0	2674.0	3	14544	2500.0	next	other	0.0
009	830.0	Response	2	7315646.0	17046.0	n/a	n/a	n/a	n/a	n/a	n/a
009	831.0	Sound	grit	7318493.0	2675.0	n/a	n/a	2500.0	n/a	other	0.0
009	832.0	Sound	aisle	7325514.0	2675.0	n/a	n/a	2500.0	n/a	other	0.0
009	833.0	Sound	laugh	7332201.0	2675.0	n/a	n/a	2500.0	n/a	other	0.0
009	834.0	Sound	throttle	7340058.0	2675.0	n/a	n/a	2500.0	n/a	other	0.0
009	835.0	Sound	stale	7348249.0	2675.0	n/a	n/a	2500.0	n/a	other	0.0
009	836.0	Sound	exuberant	7354936.0	2676.0	n/a	n/a	2500.0	n/a	other	0.0
009	837.0	Sound	wet	7364297.0	2675.0	n/a	n/a	2500.0	n/a	other	0.0
009	838.0	Sound	annoy	7369814.0	2675.0	n/a	n/a	2500.0	n/a	other	0.0
009	839.0	Sound	genuine	7376835.0	2675.0	n/a	n/a	2500.0	n/a	other	0.0
009	840.0	Sound	shame	7384023.0	2675.0	n/a	n/a	2500.0	n/a	other	0.0
009	841.0	Sound	shroud	7392047.0	2675.0	n/a	n/a	2500.0	n/a	other	0.0
009	842.0	Sound	group	7400740.0	2675.0	n/a	n/a	2500.0	n/a	other	0.0
009	843.0	Sound	how	7408095.0	2675.0	n/a	n/a	2500.0	n/a	other	0.0
009	844.0	Sound	gift	7415117.0	2676.0	n/a	n/a	2500.0	n/a	other	0.0
009	845.0	Sound	enamel	7423977.0	2676.0	n/a	n/a	2500.0	n/a	other	0.0
009	846.0	Sound	perform	7431332.0	2675.0	n/a	n/a	2500.0	n/a	other	0.0
009	847.0	Sound	calorie	7439690.0	2675.0	n/a	n/a	2500.0	n/a	other	0.0
009	848.0	Sound	casket	7448383.0	2675.0	n/a	n/a	2500.0	n/a	other	0.0
009	849.0	Sound	wreath	7456909.0	2676.0	n/a	n/a	2500.0	n/a	other	0.0
009	850.0	Sound	pie	7463094.0	2675.0	n/a	n/a	2500.0	n/a	other	0.0
009	851.0	Picture	probe_petition	7469613.0	2675.0	2	15714	2500.0	next	other	0.0
009	851.0	Response	1	7485274.0	18336.0	n/a	n/a	n/a	n/a	n/a	n/a
009	852.0	Sound	ease	7488002.0	2675.0	n/a	n/a	2500.0	n/a	other	0.0
009	853.0	Sound	pungent	7495357.0	2675.0	n/a	n/a	2500.0	n/a	other	0.0
009	854.0	Sound	avalanche	7502546.0	2676.0	n/a	n/a	2500.0	n/a	other	0.0
009	855.0	Sound	sit	7512074.0	2675.0	n/a	n/a	2500.0	n/a	other	0.0
009	856.0	Sound	diagram	7519430.0	2676.0	n/a	n/a	2500.0	n/a	other	0.0
009	857.0	Picture	probe_explain	7528289.0	2675.0	2	13541	2500.0	next	other	0.0
009	857.0	Response	2	7541774.0	16160.0	n/a	n/a	n/a	n/a	n/a	n/a
009	858.0	Sound	lab	7544505.0	2675.0	n/a	n/a	2500.0	n/a	other	0.0
009	859.0	Picture	probe_science	7552194.0	2675.0	2	9362	2500.0	next	other	0.0
009	859.0	Response	2	7561414.0	11895.0	n/a	n/a	n/a	n/a	n/a	n/a
009	860.0	Sound	loyal	7564231.0	2675.0	n/a	n/a	2500.0	n/a	other	0.0
009	861.0	Sound	destroy	7570583.0	2675.0	n/a	n/a	2500.0	n/a	other	0.0
009	862.0	Sound	bump	7579276.0	2675.0	n/a	n/a	2500.0	n/a	other	0.0
009	863.0	Sound	rodent	7585127.0	2675.0	n/a	n/a	2500.0	n/a	other	0.0
009	864.0	Sound	pamphlet	7592315.0	2675.0	n/a	n/a	2500.0	n/a	other	0.0
009	865.0	Sound	problem	7599169.0	2675.0	n/a	n/a	2500.0	n/a	other	0.0
009	866.0	Sound	igloo	7606357.0	2675.0	n/a	n/a	2500.0	n/a	other	0.0
009	867.0	Sound	fare	7614214.0	2675.0	n/a	n/a	2500.0	n/a	other	0.0
009	868.0	Sound	smash	7620399.0	2675.0	n/a	n/a	2500.0	n/a	other	0.0
009	869.0	Sound	supplement	7628925.0	2675.0	n/a	n/a	2500.0	n/a	other	0.0
009	870.0	Sound	antique	7638621.0	2676.0	n/a	n/a	2500.0	n/a	other	0.0
009	871.0	Sound	spare	7645809.0	2675.0	n/a	n/a	2500.0	n/a	other	0.0
009	872.0	Sound	erase	7653499.0	2676.0	n/a	n/a	2500.0	n/a	other	0.0
009	873.0	Sound	hurricane	7662860.0	2675.0	n/a	n/a	2500.0	n/a	other	0.0
009	874.0	Sound	agitate	7671051.0	2675.0	n/a	n/a	2500.0	n/a	other	0.0
009	875.0	Sound	annual	7678908.0	2675.0	n/a	n/a	2500.0	n/a	other	0.0
009	876.0	Picture	probe_slump	7686598.0	2675.0	2	11701	2500.0	next	other	0.0
009	876.0	Response	1	7698262.0	14339.0	n/a	n/a	n/a	n/a	n/a	n/a
009	877.0	Sound	scrawny	7700974.0	2675.0	n/a	n/a	2500.0	n/a	other	0.0
009	878.0	Sound	halibut	7708497.0	2675.0	n/a	n/a	2500.0	n/a	other	0.0
009	879.0	Sound	reflex	7715017.0	2676.0	n/a	n/a	2500.0	n/a	other	0.0
009	880.0	Sound	blizzard	7724545.0	2675.0	n/a	n/a	2500.0	n/a	other	0.0
009	881.0	Sound	geese	7733405.0	2675.0	n/a	n/a	2500.0	n/a	other	0.0
009	882.0	Sound	dab	7740426.0	2675.0	n/a	n/a	2500.0	n/a	other	0.0
009	883.0	Sound	lapse	7747280.0	2675.0	n/a	n/a	2500.0	n/a	other	0.0
009	884.0	Sound	pencil	7755137.0	2675.0	n/a	n/a	2500.0	n/a	other	0.0
009	885.0	Sound	lit	7762158.0	2675.0	n/a	n/a	2500.0	n/a	other	0.0
009	886.0	Sound	did	7768009.0	2675.0	n/a	n/a	2500.0	n/a	other	0.0
009	887.0	Sound	steal	7773860.0	2675.0	n/a	n/a	2500.0	n/a	other	0.0
009	888.0	Sound	nine	7781550.0	2676.0	n/a	n/a	2500.0	n/a	other	0.0
009	889.0	Sound	collapse	7788404.0	2676.0	n/a	n/a	2500.0	n/a	other	0.0
009	890.0	Picture	probe_cheap	7797764.0	2674.0	3	18055	2500.0	next	other	0.0
009	890.0	Response	2	7815660.0	20570.0	n/a	n/a	n/a	n/a	n/a	n/a
009	891.0	Sound	affair	7818494.0	2675.0	n/a	n/a	2500.0	n/a	other	0.0
009	892.0	Picture	probe_muzzle	7825514.0	2674.0	3	12371	2500.0	next	other	0.0
009	892.0	Response	1	7837750.0	14910.0	n/a	n/a	n/a	n/a	n/a	n/a
009	893.0	Sound	ornery	7840560.0	2675.0	n/a	n/a	2500.0	n/a	other	0.0
009	894.0	Sound	pistol	7847080.0	2676.0	n/a	n/a	2500.0	n/a	other	0.0
009	895.0	Sound	roost	7855605.0	2675.0	n/a	n/a	2500.0	n/a	other	0.0
009	896.0	Sound	ink	7863295.0	2675.0	n/a	n/a	2500.0	n/a	other	0.0
009	897.0	Sound	polymer	7869815.0	2676.0	n/a	n/a	2500.0	n/a	other	0.0
009	898.0	Sound	ounce	7877671.0	2675.0	n/a	n/a	2500.0	n/a	other	0.0
009	899.0	Picture	probe_pound	7885026.0	2674.0	4	11033	2500.0	next	other	0.0
009	899.0	Response	2	7895919.0	13567.0	n/a	n/a	n/a	n/a	n/a	n/a
009	900.0	Sound	platter	7898735.0	2676.0	n/a	n/a	2500.0	n/a	other	0.0
009	901.0	Sound	tenuous	7906592.0	2676.0	n/a	n/a	2500.0	n/a	other	0.0
009	902.0	Sound	hoarse	7915451.0	2675.0	n/a	n/a	2500.0	n/a	other	0.0
009	903.0	Picture	probe_cry	7922974.0	2675.0	2	8692	2500.0	next	other	0.0
009	903.0	Response	1	7931539.0	11240.0	n/a	n/a	n/a	n/a	n/a	n/a
009	904.0	Sound	leap	7934342.0	2676.0	n/a	n/a	2500.0	n/a	other	0.0
009	905.0	Sound	actual	7940694.0	2675.0	n/a	n/a	2500.0	n/a	other	0.0
009	906.0	Sound	cater	7949554.0	2675.0	n/a	n/a	2500.0	n/a	other	0.0
009	907.0	Sound	curse	7956241.0	2676.0	n/a	n/a	2500.0	n/a	other	0.0
009	908.0	Sound	late	7964265.0	2676.0	n/a	n/a	2500.0	n/a	other	0.0
009	909.0	Sound	gimmick	7970450.0	2675.0	n/a	n/a	2500.0	n/a	other	0.0
009	910.0	Sound	are	7977805.0	2675.0	n/a	n/a	2500.0	n/a	other	0.0
009	911.0	Sound	element	7984325.0	2675.0	n/a	n/a	2500.0	n/a	other	0.0
009	912.0	Picture	probe_product	7992014.0	2675.0	2	11368	2500.0	next	other	0.0
009	912.0	Response	2	8003338.0	13999.0	n/a	n/a	n/a	n/a	n/a	n/a
009	913.0	Sound	decent	8006057.0	2675.0	n/a	n/a	2500.0	n/a	other	0.0
009	914.0	Sound	similar	8014415.0	2675.0	n/a	n/a	2500.0	n/a	other	0.0
009	915.0	Sound	sculpt	8021938.0	2675.0	n/a	n/a	2500.0	n/a	other	0.0
009	916.0	Sound	race	8029962.0	2675.0	n/a	n/a	2500.0	n/a	other	0.0
009	917.0	Sound	shake	8037484.0	2675.0	n/a	n/a	2500.0	n/a	other	0.0
009	918.0	Picture	probe_tremble	8044338.0	2675.0	2	9696	2500.0	next	other	0.0
009	918.0	Response	2	8054018.0	12355.0	n/a	n/a	n/a	n/a	n/a	n/a
009	919.0	Sound	apathy	8056709.0	2675.0	n/a	n/a	2500.0	n/a	other	0.0
009	920.0	Sound	vertical	8065402.0	2676.0	n/a	n/a	2500.0	n/a	other	0.0
009	921.0	Sound	rival	8073091.0	2675.0	n/a	n/a	2500.0	n/a	other	0.0
009	922.0	Sound	include	8080781.0	2675.0	n/a	n/a	2500.0	n/a	other	0.0
009	923.0	Sound	toffee	8090142.0	2675.0	n/a	n/a	2500.0	n/a	other	0.0
009	924.0	Sound	shove	8097498.0	2675.0	n/a	n/a	2500.0	n/a	other	0.0
009	925.0	Sound	pretend	8105355.0	2675.0	n/a	n/a	2500.0	n/a	other	0.0
009	926.0	Sound	image	8114716.0	2675.0	n/a	n/a	2500.0	n/a	other	0.0
009	927.0	Sound	dolt	8121570.0	2675.0	n/a	n/a	2500.0	n/a	other	0.0
009	928.0	Sound	smear	8127755.0	2675.0	n/a	n/a	2500.0	n/a	other	0.0
009	929.0	Sound	evolve	8135612.0	2675.0	n/a	n/a	2500.0	n/a	other	0.0
009	930.0	Sound	purge	8143971.0	2676.0	n/a	n/a	2500.0	n/a	other	0.0
009	931.0	Sound	study	8151326.0	2675.0	n/a	n/a	2500.0	n/a	other	0.0
009	932.0	Sound	brow	8159684.0	2675.0	n/a	n/a	2500.0	n/a	other	0.0
009	933.0	Sound	citadel	8165703.0	2676.0	n/a	n/a	2500.0	n/a	other	0.0
009	934.0	Sound	enzyme	8175733.0	2676.0	n/a	n/a	2500.0	n/a	other	0.0
009	935.0	Picture	probe_protein	8185762.0	2674.0	2	8526	2500.0	next	other	0.0
009	935.0	Response	2	8194216.0	11128.0	n/a	n/a	n/a	n/a	n/a	n/a
009	936.0	Sound	soliloquy	8196963.0	2675.0	n/a	n/a	2500.0	n/a	other	0.0
009	937.0	Sound	algorithm	8207160.0	2675.0	n/a	n/a	2500.0	n/a	other	0.0
009	938.0	Sound	starve	8215519.0	2675.0	n/a	n/a	2500.0	n/a	other	0.0
009	939.0	Sound	lark	8224044.0	2675.0	n/a	n/a	2500.0	n/a	other	0.0
009	940.0	Picture	probe_podium	8230396.0	2675.0	2	26914	2500.0	next	other	0.0
009	940.0	Response	1	8257275.0	29554.0	n/a	n/a	n/a	n/a	n/a	n/a
009	941.0	Sound	slender	8259985.0	2675.0	n/a	n/a	2500.0	n/a	other	0.0
009	942.0	Sound	break	8267675.0	2675.0	n/a	n/a	2500.0	n/a	other	0.0
009	943.0	Sound	digress	8273693.0	2675.0	n/a	n/a	2500.0	n/a	other	0.0
009	944.0	Sound	verdict	8282720.0	2675.0	n/a	n/a	2500.0	n/a	other	0.0
009	945.0	Sound	traipse	8290577.0	2675.0	n/a	n/a	2500.0	n/a	other	0.0
009	946.0	Sound	loud	8297766.0	2676.0	n/a	n/a	2500.0	n/a	other	0.0
009	947.0	Sound	daughter	8304954.0	2675.0	n/a	n/a	2500.0	n/a	other	0.0
009	948.0	Sound	born	8311306.0	2675.0	n/a	n/a	2500.0	n/a	other	0.0
009	949.0	Sound	distant	8318662.0	2676.0	n/a	n/a	2500.0	n/a	other	0.0
009	950.0	Sound	wand	8326351.0	2675.0	n/a	n/a	2500.0	n/a	other	0.0
009	951.0	Sound	persist	8332871.0	2675.0	n/a	n/a	2500.0	n/a	other	0.0
009	952.0	Sound	jacket	8341731.0	2675.0	n/a	n/a	2500.0	n/a	other	0.0
009	953.0	Sound	bake	8349086.0	2675.0	n/a	n/a	2500.0	n/a	other	0.0
009	954.0	Sound	pretty	8356107.0	2675.0	n/a	n/a	2500.0	n/a	other	0.0
009	955.0	Picture	probe_delicate	8361958.0	2675.0	2	9361	2500.0	next	other	0.0
009	955.0	Response	2	8371184.0	11901.0	n/a	n/a	n/a	n/a	n/a	n/a
009	956.0	Sound	blip	8373994.0	2675.0	n/a	n/a	2500.0	n/a	other	0.0
009	957.0	Sound	plain	8380012.0	2675.0	n/a	n/a	2500.0	n/a	other	0.0
009	958.0	Sound	curd	8386699.0	2675.0	n/a	n/a	2500.0	n/a	other	0.0
009	959.0	Sound	bawl	8393386.0	2675.0	n/a	n/a	2500.0	n/a	other	0.0
009	960.0	Sound	resilient	8399905.0	2675.0	n/a	n/a	2500.0	n/a	other	0.0
009	961.0	Sound	catapult	8409100.0	2676.0	n/a	n/a	2500.0	n/a	other	0.0
009	962.0	Sound	petty	8417291.0	2675.0	n/a	n/a	2500.0	n/a	other	0.0
009	963.0	Sound	scuffle	8422975.0	2676.0	n/a	n/a	2500.0	n/a	other	0.0
009	964.0	Picture	probe_brake	8430831.0	2675.0	2	12203	2500.0	next	other	0.0
009	964.0	Response	2	8442873.0	14717.0	n/a	n/a	n/a	n/a	n/a	n/a
009	965.0	Sound	congratulate	8445710.0	2676.0	n/a	n/a	2500.0	n/a	other	0.0
009	966.0	Sound	swamp	8455740.0	2676.0	n/a	n/a	2500.0	n/a	other	0.0
009	967.0	Sound	chimney	8464265.0	2675.0	n/a	n/a	2500.0	n/a	other	0.0
009	968.0	Sound	muster	8471453.0	2675.0	n/a	n/a	2500.0	n/a	other	0.0
009	969.0	Sound	ton	8479812.0	2675.0	n/a	n/a	2500.0	n/a	other	0.0
009	970.0	Picture	probe_magnet	8485997.0	2675.0	2	15379	2500.0	next	other	0.0
009	970.0	Response	1	8501352.0	18030.0	n/a	n/a	n/a	n/a	n/a	n/a
009	971.0	Sound	mellow	8504051.0	2675.0	n/a	n/a	2500.0	n/a	other	0.0
009	972.0	Sound	gain	8511072.0	2675.0	n/a	n/a	2500.0	n/a	other	0.0
009	973.0	Sound	essence	8518093.0	2675.0	n/a	n/a	2500.0	n/a	other	0.0
009	974.0	Sound	gear	8526452.0	2675.0	n/a	n/a	2500.0	n/a	other	0.0
009	975.0	Sound	mammoth	8534142.0	2676.0	n/a	n/a	2500.0	n/a	other	0.0
009	976.0	Sound	inept	8541497.0	2675.0	n/a	n/a	2500.0	n/a	other	0.0
009	977.0	Sound	celebrate	8548852.0	2675.0	n/a	n/a	2500.0	n/a	other	0.0
009	978.0	Sound	illuminate	8558381.0	2675.0	n/a	n/a	2500.0	n/a	other	0.0
009	979.0	Sound	berserk	8566739.0	2675.0	n/a	n/a	2500.0	n/a	other	0.0
009	980.0	Sound	bent	8573928.0	2676.0	n/a	n/a	2500.0	n/a	other	0.0
009	981.0	Sound	caliber	8580280.0	2675.0	n/a	n/a	2500.0	n/a	other	0.0
009	982.0	Sound	feed	8587468.0	2675.0	n/a	n/a	2500.0	n/a	other	0.0
009	983.0	Sound	huge	8594657.0	2676.0	n/a	n/a	2500.0	n/a	other	0.0
009	984.0	Picture	probe_check	8602513.0	2675.0	2	25242	2500.0	next	other	0.0
009	984.0	Response	2	8627661.0	27823.0	n/a	n/a	n/a	n/a	n/a	n/a
009	985.0	Sound	trance	8630431.0	2676.0	n/a	n/a	2500.0	n/a	other	0.0
009	986.0	Sound	shirt	8638622.0	2675.0	n/a	n/a	2500.0	n/a	other	0.0
009	987.0	Sound	launch	8645476.0	2675.0	n/a	n/a	2500.0	n/a	other	0.0
009	988.0	Sound	contrast	8652831.0	2675.0	n/a	n/a	2500.0	n/a	other	0.0
009	989.0	Sound	glimpse	8662861.0	2675.0	n/a	n/a	2500.0	n/a	other	0.0
009	990.0	Sound	cemetery	8671554.0	2675.0	n/a	n/a	2500.0	n/a	other	0.0
009	991.0	Sound	arbitrary	8682086.0	2676.0	n/a	n/a	2500.0	n/a	other	0.0
009	992.0	Sound	million	8690611.0	2675.0	n/a	n/a	2500.0	n/a	other	0.0
009	993.0	Sound	rag	8697465.0	2675.0	n/a	n/a	2500.0	n/a	other	0.0
009	994.0	Sound	nap	8704152.0	2675.0	n/a	n/a	2500.0	n/a	other	0.0
009	995.0	Sound	denounce	8710671.0	2675.0	n/a	n/a	2500.0	n/a	other	0.0
009	996.0	Sound	equal	8718863.0	2676.0	n/a	n/a	2500.0	n/a	other	0.0
009	997.0	Picture	probe_peer	8727555.0	2675.0	3	25409	2500.0	next	other	0.0
009	997.0	Response	2	8752889.0	28009.0	n/a	n/a	n/a	n/a	n/a	n/a
009	998.0	Sound	appreciate	8755640.0	2676.0	n/a	n/a	2500.0	n/a	other	0.0
009	999.0	Sound	whisper	8765001.0	2675.0	n/a	n/a	2500.0	n/a	other	0.0
009	1000.0	Sound	reserve	8773360.0	2676.0	n/a	n/a	2500.0	n/a	other	0.0
009	1001.0	Sound	sweat	8781718.0	2675.0	n/a	n/a	2500.0	n/a	other	0.0
009	1002.0	Sound	cup	8789241.0	2676.0	n/a	n/a	2500.0	n/a	other	0.0
009	1003.0	Sound	human	8793921.0	2675.0	n/a	n/a	2500.0	n/a	other	0.0
009	1004.0	Sound	puzzle	8802280.0	2676.0	n/a	n/a	2500.0	n/a	other	0.0
009	1005.0	Sound	mahogany	8809134.0	2676.0	n/a	n/a	2500.0	n/a	other	0.0
009	1006.0	Sound	wreak	8817325.0	2675.0	n/a	n/a	2500.0	n/a	other	0.0
009	1007.0	Picture	probe_fugitive	8823677.0	2675.0	2	14376	2500.0	next	other	0.0
009	1007.0	Response	1	8837988.0	16986.0	n/a	n/a	n/a	n/a	n/a	n/a
009	1008.0	Sound	language	8840728.0	2675.0	n/a	n/a	2500.0	n/a	other	0.0
009	1009.0	Sound	eloquent	8848585.0	2675.0	n/a	n/a	2500.0	n/a	other	0.0
009	1010.0	Sound	pecan	8856777.0	2676.0	n/a	n/a	2500.0	n/a	other	0.0
009	1011.0	Sound	nail	8866305.0	2675.0	n/a	n/a	2500.0	n/a	other	0.0
009	1012.0	Sound	glitter	8872658.0	2676.0	n/a	n/a	2500.0	n/a	other	0.0
009	1013.0	Sound	humility	8879679.0	2676.0	n/a	n/a	2500.0	n/a	other	0.0
009	1014.0	Sound	shoddy	8888037.0	2675.0	n/a	n/a	2500.0	n/a	other	0.0
009	1015.0	Sound	digest	8896061.0	2675.0	n/a	n/a	2500.0	n/a	other	0.0
009	1016.0	Picture	probe_truce	8904419.0	2675.0	2	10197	2500.0	next	other	0.0
009	1016.0	Response	1	8914587.0	12843.0	n/a	n/a	n/a	n/a	n/a	n/a
009	1017.0	Sound	drastic	8917291.0	2675.0	n/a	n/a	2500.0	n/a	other	0.0
009	1018.0	Sound	store	8925148.0	2675.0	n/a	n/a	2500.0	n/a	other	0.0
009	1019.0	Sound	cavalry	8932838.0	2675.0	n/a	n/a	2500.0	n/a	other	0.0
009	1020.0	Picture	probe_horse	8941530.0	2674.0	4	11033	2500.0	next	other	0.0
009	1020.0	Response	2	8952437.0	13581.0	n/a	n/a	n/a	n/a	n/a	n/a
009	1021.0	Sound	alcohol	8955239.0	2676.0	n/a	n/a	2500.0	n/a	other	0.0
009	1022.0	Sound	switch	8963263.0	2675.0	n/a	n/a	2500.0	n/a	other	0.0
009	1023.0	Sound	produce	8970953.0	2676.0	n/a	n/a	2500.0	n/a	other	0.0
009	1024.0	Sound	needle	8978977.0	2676.0	n/a	n/a	2500.0	n/a	other	0.0
009	1025.0	Sound	diaphragm	8984827.0	2675.0	n/a	n/a	2500.0	n/a	other	0.0
009	1026.0	Sound	tile	8995359.0	2675.0	n/a	n/a	2500.0	n/a	other	0.0
009	1027.0	Sound	din	9002380.0	2675.0	n/a	n/a	2500.0	n/a	other	0.0
009	1028.0	Picture	probe_lame	9008398.0	2675.0	2	24908	2500.0	next	other	0.0
009	1028.0	Response	2	9033156.0	27433.0	n/a	n/a	n/a	n/a	n/a	n/a
009	1029.0	Sound	generous	9035981.0	2675.0	n/a	n/a	2500.0	n/a	other	0.0
009	1030.0	Sound	fritter	9044005.0	2675.0	n/a	n/a	2500.0	n/a	other	0.0
009	1031.0	Sound	twill	9051360.0	2675.0	n/a	n/a	2500.0	n/a	other	0.0
009	1032.0	Sound	suspend	9058382.0	2676.0	n/a	n/a	2500.0	n/a	other	0.0
009	1033.0	Sound	turquoise	9068245.0	2676.0	n/a	n/a	2500.0	n/a	other	0.0
009	1034.0	Sound	rupture	9077439.0	2675.0	n/a	n/a	2500.0	n/a	other	0.0
009	1035.0	Sound	grease	9084460.0	2675.0	n/a	n/a	2500.0	n/a	other	0.0
009	1036.0	Sound	sweep	9091481.0	2675.0	n/a	n/a	2500.0	n/a	other	0.0
009	1037.0	Sound	intricate	9099003.0	2675.0	n/a	n/a	2500.0	n/a	other	0.0
009	1038.0	Picture	probe_elaborate	9106526.0	2675.0	2	13206	2500.0	next	other	0.0
009	1038.0	Response	2	9119555.0	15704.0	n/a	n/a	n/a	n/a	n/a	n/a
009	1039.0	Sound	democrat	9122407.0	2675.0	n/a	n/a	2500.0	n/a	other	0.0
009	1040.0	Sound	three	9131267.0	2675.0	n/a	n/a	2500.0	n/a	other	0.0
009	1041.0	Sound	jargon	9138622.0	2675.0	n/a	n/a	2500.0	n/a	other	0.0
009	1042.0	Sound	tax	9147148.0	2675.0	n/a	n/a	2500.0	n/a	other	0.0
009	1043.0	Sound	ground	9154336.0	2675.0	n/a	n/a	2500.0	n/a	other	0.0
009	1044.0	Sound	devise	9162026.0	2675.0	n/a	n/a	2500.0	n/a	other	0.0
009	1045.0	Sound	cab	9171889.0	2675.0	n/a	n/a	2500.0	n/a	other	0.0
009	1046.0	Sound	weigh	9178241.0	2675.0	n/a	n/a	2500.0	n/a	other	0.0
009	1047.0	Sound	tense	9184426.0	2675.0	n/a	n/a	2500.0	n/a	other	0.0
009	1048.0	Sound	pioneer	9191280.0	2675.0	n/a	n/a	2500.0	n/a	other	0.0
009	1049.0	Sound	platform	9198134.0	2675.0	n/a	n/a	2500.0	n/a	other	0.0
009	1050.0	Sound	onion	9207329.0	2676.0	n/a	n/a	2500.0	n/a	other	0.0
009	1051.0	Picture	probe_flavor	9214516.0	2674.0	3	8526	2500.0	next	other	0.0
009	1051.0	Response	2	9223004.0	11162.0	n/a	n/a	n/a	n/a	n/a	n/a
009	1052.0	Sound	offend	9225717.0	2675.0	n/a	n/a	2500.0	n/a	other	0.0
009	1053.0	Sound	accent	9233741.0	2675.0	n/a	n/a	2500.0	n/a	other	0.0
009	1054.0	Sound	screen	9242267.0	2675.0	n/a	n/a	2500.0	n/a	other	0.0
009	1055.0	Sound	affiliate	9251963.0	2676.0	n/a	n/a	2500.0	n/a	other	0.0
009	1056.0	Sound	focal	9261324.0	2675.0	n/a	n/a	2500.0	n/a	other	0.0
009	1057.0	Sound	crusade	9268512.0	2675.0	n/a	n/a	2500.0	n/a	other	0.0
009	1058.0	Sound	hit	9278208.0	2675.0	n/a	n/a	2500.0	n/a	other	0.0
009	1059.0	Sound	evade	9285062.0	2675.0	n/a	n/a	2500.0	n/a	other	0.0
009	1060.0	Sound	trot	9292585.0	2676.0	n/a	n/a	2500.0	n/a	other	0.0
009	1061.0	Sound	culprit	9300107.0	2675.0	n/a	n/a	2500.0	n/a	other	0.0
009	1062.0	Sound	commit	9306961.0	2675.0	n/a	n/a	2500.0	n/a	other	0.0
009	1063.0	Sound	loose	9314818.0	2675.0	n/a	n/a	2500.0	n/a	other	0.0
009	1064.0	Sound	portion	9322006.0	2675.0	n/a	n/a	2500.0	n/a	other	0.0
009	1065.0	Sound	whisk	9329361.0	2675.0	n/a	n/a	2500.0	n/a	other	0.0
009	1066.0	Sound	eradicate	9335380.0	2676.0	n/a	n/a	2500.0	n/a	other	0.0
009	1067.0	Picture	probe_kill	9344072.0	2675.0	2	22066	2500.0	next	other	0.0
009	1067.0	Response	2	9365992.0	24595.0	n/a	n/a	n/a	n/a	n/a	n/a
009	1068.0	Sound	document	9368813.0	2675.0	n/a	n/a	2500.0	n/a	other	0.0
009	1069.0	Sound	paltry	9377673.0	2675.0	n/a	n/a	2500.0	n/a	other	0.0
009	1070.0	Sound	date	9387369.0	2675.0	n/a	n/a	2500.0	n/a	other	0.0
009	1071.0	Sound	kernel	9393721.0	2675.0	n/a	n/a	2500.0	n/a	other	0.0
009	1072.0	Sound	thigh	9400910.0	2676.0	n/a	n/a	2500.0	n/a	other	0.0
009	1073.0	Sound	stake	9408599.0	2675.0	n/a	n/a	2500.0	n/a	other	0.0
009	1074.0	Sound	trophy	9416122.0	2675.0	n/a	n/a	2500.0	n/a	other	0.0
009	1075.0	Sound	catastrophe	9422641.0	2675.0	n/a	n/a	2500.0	n/a	other	0.0
009	1076.0	Sound	panic	9434343.0	2675.0	n/a	n/a	2500.0	n/a	other	0.0
009	1077.0	Sound	shuttle	9441197.0	2675.0	n/a	n/a	2500.0	n/a	other	0.0
009	1078.0	Sound	tram	9447550.0	2676.0	n/a	n/a	2500.0	n/a	other	0.0
009	1079.0	Sound	thyroid	9454905.0	2675.0	n/a	n/a	2500.0	n/a	other	0.0
009	1080.0	Sound	fierce	9464434.0	2676.0	n/a	n/a	2500.0	n/a	other	0.0
009	1081.0	Sound	twelve	9473461.0	2676.0	n/a	n/a	2500.0	n/a	other	0.0
009	1082.0	Sound	ripple	9479980.0	2675.0	n/a	n/a	2500.0	n/a	other	0.0
009	1083.0	Sound	indignant	9485998.0	2675.0	n/a	n/a	2500.0	n/a	other	0.0
009	1084.0	Sound	distinct	9494858.0	2675.0	n/a	n/a	2500.0	n/a	other	0.0
009	1085.0	Picture	probe_discrete	9504553.0	2674.0	3	19726	2500.0	next	other	0.0
009	1085.0	Response	1	9524190.0	22311.0	n/a	n/a	n/a	n/a	n/a	n/a
009	1086.0	Sound	paradigm	9526954.0	2675.0	n/a	n/a	2500.0	n/a	other	0.0
009	1087.0	Sound	property	9536316.0	2675.0	n/a	n/a	2500.0	n/a	other	0.0
009	1088.0	Sound	nun	9544006.0	2676.0	n/a	n/a	2500.0	n/a	other	0.0
009	1089.0	Sound	excel	9550692.0	2675.0	n/a	n/a	2500.0	n/a	other	0.0
009	1090.0	Sound	soak	9558215.0	2675.0	n/a	n/a	2500.0	n/a	other	0.0
009	1091.0	Sound	lax	9565236.0	2675.0	n/a	n/a	2500.0	n/a	other	0.0
009	1092.0	Sound	slug	9573093.0	2675.0	n/a	n/a	2500.0	n/a	other	0.0
009	1093.0	Sound	manifest	9581117.0	2675.0	n/a	n/a	2500.0	n/a	other	0.0
009	1094.0	Sound	clove	9589977.0	2675.0	n/a	n/a	2500.0	n/a	other	0.0
009	1095.0	Sound	zest	9597667.0	2675.0	n/a	n/a	2500.0	n/a	other	0.0
009	1096.0	Sound	sediment	9605524.0	2676.0	n/a	n/a	2500.0	n/a	other	0.0
009	1097.0	Sound	shy	9613882.0	2675.0	n/a	n/a	2500.0	n/a	other	0.0
